subject,release,task,availability,et_nan_values,eeg_sampling_rate_hz,et_sampling_rate_hz,eeg_channel_cnt,eeg_bad_channel_count,et_channel_cnt,eog_electrode_used_HEOG_anode,eog_electrode_used_HEOG_cathode,eog_electrode_used_VEOG_anode,eog_electrode_used_VEOG_cathode,eog_electrode_is_fallback_HEOG_anode,eog_electrode_is_fallback_HEOG_cathode,eog_electrode_is_fallback_VEOG_anode,eog_electrode_is_fallback_VEOG_cathode,et_samples_trimmed,eeg_samples_trimmed,gauss_A,gauss_mu,gauss_sigma,gauss_b,gauss_xcorr_cosine_similarity_full,gauss_xcorr_cosine_similarity_full_n,gauss_xcorr_cosine_similarity_95,gauss_xcorr_cosine_similarity_95_n,xcorr_zero,snr,xcorr_peak,xcorr_peak_idx,xcorr_peak_prominence,xcorr_second_peak,xcorr_second_peak_idx,xcorr_second_peak_prominence,shared_events,longest_gap_between_events,mean_abs_sync_error_ms,median_abs_sync_error_ms,within_1_sample,within_4_samples,regression_slope,regression_intercept,n_saccades,n_blinks,avg_saccade_duration_ms,avg_fixation_duration_ms,avg_blink_duration_ms,avg_saccade_amplitude
NDARZG861CXJ,R5,ThePresent,available,41,500.0,119.70751135404468,130,0,34,E8,E25,E21,E17,False,False,False,False,0,248,0.8863402765952025,-13.7200024632049,778.2039616682059,0.0951203969454442,0.9893424835138676,6000,0.9969590601144231,3050,1.003055341383605,9.683929465363088,1.0034711161041476,-19.0,1.139042841932502,0.4831768326020025,1217.0,0.0001385738673332,2,203.068001,6.750155989720952e-11,6.750155989720952e-11,2,2,1.0,0.0005820000000786,46,18,30.46777818546772,105.74965390208884,10011.001881566752,4.588478260869565
NDARDJ204EPU,R8,ThePresent,available,348,500.0,60.01398339684236,130,0,42,E8,E25,E21,E17,False,False,False,False,263,240,0.0275157508012269,-31.39473516679043,418.4159653827888,-0.0016750770114806,0.9508798447071066,6000,0.9954365035172827,1640,0.0287824155013656,6.379246601726188,0.0291265045004226,20.0,0.0366544952647296,0.0127675707544591,6999.0,0.0189520704012941,2,203.277998,6.461498003318411e-11,6.461498003318411e-11,0,0,1.0000000000000002,-0.0085089999999563,1532,50,31.668707505228184,220.5324618068203,265.239842230257,2.055926892950392
NDARWB903FVY,R8,ThePresent,available,234,500.0,60.02358827217405,130,0,42,E8,E25,E21,E17,False,False,False,False,345,211,0.0224408774755958,29.72590812323017,210.54481318428228,-0.0028446844809147,0.9374331224125464,6000,0.9910524685412728,825,0.0228889184589188,9.55116267810415,0.0240332302222152,22.0,0.0287136814024615,0.0047614599053942,10247.0,0.0131293368727671,2,203.287994,6.206146707654625e-11,6.206146707654625e-11,0,0,1.0,0.0083919999999612,1444,68,50.53850611377312,191.63130461551316,230.5580837178555,10.123801939058172
NDARDF560NND,R8,ThePresent,available,162,500.0,60.01886604257648,130,0,42,E8,E25,E21,E17,False,False,False,False,358,237,0.0241209637448728,27.87979886806654,223.47837311557845,-0.0032648422870289,0.9220373457120712,6000,0.997362632702601,876,0.0224594716891391,6.7048182810697865,0.0235362608193099,28.0,0.0320809240181052,0.0096000973604403,-17250.0,0.0156722279736936,2,203.286,3.2862601528904634e-11,3.2862601528904634e-11,0,2,1.0,0.0043089999999625,1472,25,30.42445709114737,238.43961508755123,317.2124612113913,1.5787160326086955
NDARJH773JTJ,R9,ThePresent,available,95,500.0,60.02337255088066,130,0,42,E8,E25,E21,E17,False,False,False,False,221,223,0.0233604206310542,76.66442474897403,239.47858287181447,-0.0049505937463405,0.9375037623872056,6000,0.9856865839850903,939,0.0211326500739488,5.779011001387064,0.0225590289016665,26.0,0.0322510857477191,0.0175284596362419,28595.0,0.0258438707770049,2,203.059995,1.709743457922741e-11,1.709743457922741e-11,0,2,1.0,0.004168999999994,1086,23,27.690726628928783,338.0887753956393,280.32837007642286,1.2703130755064456
NDARLR924YAV,R8,ThePresent,available,178,500.0,60.0236086795881,130,0,42,E8,E25,E21,E17,False,False,False,False,251,219,0.0192706014946441,7.975019511351296,360.32139090192055,-0.0012814946630968,0.9838670159023784,6000,0.9935777667623076,1413,0.0208630468595111,15.98622485529696,0.021402605480595,23.0,0.0243525971395701,0.0054635675000698,33028.0,0.0066186840531193,2,203.276004,1.1246559239452836e-10,1.1246559239452836e-10,0,2,1.0000000000000002,0.0075790000000826,1132,35,31.45269602098528,293.89944041336065,315.129741773649,1.710989399293286
NDARDV648WB5,R8,ThePresent,available,78,500.0,60.02363011379832,130,0,42,E8,E25,E21,E17,False,False,False,False,263,236,0.0155622972666115,21.422983491338453,301.60239450895887,-0.0009140820010584,0.9527412180720458,6000,0.9810511284359512,1182,0.018673452738397,12.256124448164853,0.0199175173768709,27.0,0.0210517259347613,0.0041330170792122,13778.0,0.0044399566422523,2,203.286003,1.0158540675320181e-10,1.0158540675320181e-10,2,2,0.9999999999999996,9.999999993968938e-05,1773,25,32.588815686293124,193.89814133100825,207.92058747573608,1.68580372250423
NDARGM258RZU,R8,ThePresent,available,927,500.0,60.01441025479807,130,0,42,E8,E25,E21,E17,False,False,False,False,784,226,0.0161691392345611,44.56004524768621,299.8874446522834,0.0003410030689138,0.9415547623099622,6000,0.9947691228958988,1176,0.0188466934729898,12.053073922616576,0.0194084475867473,25.0,0.02097218734195,0.0059261173166875,-43413.0,0.006547632784359,2,203.285995,7.538414337204813e-11,7.538414337204813e-11,0,2,1.0,0.0034390000000653,1368,169,32.26270297195969,232.58052090520107,194.1142545317967,2.303983918128655
NDARYE017HZA,R9,ThePresent,available,25,500.0,60.023529678357626,130,0,42,E8,E25,E21,E17,False,False,False,False,388,236,0.0161187768087785,24.2249413142322,399.9525615688848,-0.0021222914197259,0.9655819281253316,6000,0.988476901382047,1568,0.0171299633414753,12.627819942690968,0.0176384850855645,22.0,0.020422301673943,0.0026830423034617,-10551.0,0.0045709586158419,2,203.276004,8.049116928532385e-11,8.049116928532385e-11,0,2,1.0000000000000002,0.002979000000047,1452,6,37.96951221733831,237.2538043049013,105.50900275253836,4.222961432506888
NDARHD276TYX,R8,ThePresent,available,444,500.0,60.02355151391755,130,0,42,E8,E25,E21,E17,False,False,False,False,232,224,0.0101342793367807,8.728069316995883,583.4530050618293,0.0051494186641855,0.934824948878627,6000,0.9962699448909688,2287,0.0169650926124362,3.761183379597566,0.0171973114977211,24.0,0.0318488254883139,0.0170419813952021,10387.0,0.0243918099359169,2,203.286004,5.917488721252084e-11,5.917488721252084e-11,0,2,1.0,-0.0025799999999386,1326,82,53.13487217056761,218.32117362755625,239.74620723215503,4.441674208144796
NDARAY298THW,R8,ThePresent,available,2241,500.0,60.0232618131484,130,0,42,E8,E25,E21,E17,False,False,False,False,416,236,0.0143687165905257,11.757341064763436,363.73846005526246,-0.0013450397363838,0.9079469692707806,6000,0.9818860447044372,1426,0.0164083867962757,6.055581076559943,0.0169365128988288,25.0,0.0208646930985504,0.0071234013188056,-15679.0,0.0109447901143566,2,203.285995,4.785061236134425e-11,4.785061236134425e-11,0,2,1.0000000000000004,-0.0032170000000395,943,422,69.68271822097284,132.65139062074306,220.8528392384156,19.8433934252386
NDARFR601RDQ,R9,ThePresent,available,148,500.0,60.02359352739418,130,0,42,E8,E25,E21,E17,False,False,False,False,337,238,0.0124188696473141,4.787121882193378,353.41394436392164,0.0021024814138577,0.933226882108566,6000,0.9970282259009082,1385,0.0163652897258244,7.295812017028648,0.0167860082249608,24.0,0.0166362148309338,0.0062855275514809,-17983.0,0.0050135757588538,2,203.285993,8.226752612472409e-11,8.226752612472409e-11,0,2,0.9999999999999996,0.0060670000001081,995,20,29.01793275774761,368.0681360886059,181.58984051105668,1.7261909547738692
NDARGM421YWQ,R8,ThePresent,available,82,500.0,60.0235610207622,130,0,42,E8,E25,E21,E17,False,False,False,False,150,229,0.0140564541595278,18.499910839148857,313.07861702008006,-0.0004381403111567,0.9605870164150648,6000,0.9924044447231052,1228,0.0158817987419497,9.339918955030038,0.0166504572238487,30.0,0.0204712530508041,0.0058837891528344,-5474.0,0.0070720410666989,2,203.276004,1.2967404927621828e-10,1.2967404927621828e-10,0,2,1.0,-0.0079550000001173,1372,18,30.67436784777353,260.6432641986571,408.18119401862174,1.6487099125364433
NDARPC937PX8,R10,ThePresent,available,551,500.0,59.97626003032976,130,0,42,E8,E25,E21,E17,False,False,False,False,452,230,0.0113564297752781,73.82075122780502,278.2695983577888,0.0027849071102076,0.9662820023572262,6000,0.995592255435478,1091,0.0146048169788672,21.48409720418621,0.0162541014261203,84.0,0.0151682610847358,0.0059172405060094,-1270.0,0.0008232412332689,2,203.066004,4.1744385725905886e-11,4.1744385725905886e-11,0,2,0.9999999999999996,0.0054740000000269,1252,68,27.745538567154167,282.1823079597226,200.73061579172517,2.3225
NDARDH220WVH,R9,ThePresent,available,102,500.0,60.00877875040395,130,0,42,E8,E25,E21,E17,False,False,False,False,155,239,0.0051640601227411,114.31080493696034,441.63752415937336,0.0094355505446385,0.9927591396087636,6000,0.9989384185929008,1731,0.0154269584652774,4.037593624733426,0.0157777529113655,44.0,0.0082335726534664,0.0113321140690551,-13680.0,0.0029792284708229,2,203.064004,3.141931159689193e-11,3.141931159689193e-11,2,2,1.0,-0.0001769999999657,1195,14,29.80798520368794,307.4217815162589,304.60301228850125,1.3545104602510458
NDARTF079JGU,R9,ThePresent,available,1487,500.0,60.01412138084366,130,0,42,E8,E25,E21,E17,False,False,False,False,429,223,0.013566205485594,37.584198752003445,285.6849994319192,-0.0015081041650771,0.9664390603652696,6000,0.992057781180966,1120,0.0135451639617762,5.780164269589045,0.0145797197169384,38.0,0.0221437119912872,0.0054297623456243,-23639.0,0.0121542712560298,2,203.278004,4.8405723873656825e-11,4.8405723873656825e-11,2,2,1.0000000000000004,-0.0016620000000404,1298,313,28.715558455984134,214.97337258860017,174.53775377661643,2.258721109399075
NDARKM718VKX,R8,ThePresent,available,836,500.0,60.018939110183865,130,0,42,E8,E25,E21,E17,False,False,False,False,415,231,0.0117470981805305,21.45681417919196,250.53558885383063,0.0006224366967499,0.9568487363427964,6000,0.9956487952068764,982,0.0137741392545824,7.554328840638139,0.0144185391462739,30.0,0.0178460102836248,0.0050708317435935,-21461.0,0.0066352395443787,2,203.275996,6.916689443414725e-11,6.916689443414725e-11,0,2,1.0,0.0027990000000817,1452,204,36.8561565007024,207.57736618006535,159.5844339661939,3.639166666666666
NDARAR305LXG,R8,ThePresent,available,368,500.0,60.023571268322925,130,0,42,E8,E25,E21,E17,False,False,False,False,342,238,0.0109551311859634,-8.7034655180092,524.4287583665651,0.0003796056281389,0.9515272039445776,6000,0.9863381438093898,2056,0.0137698199367764,9.264961269545442,0.0142186811200899,28.0,0.0165945164577946,0.0038097713900349,-45637.0,0.0052182459422073,2,203.286003,3.0864200084579345e-11,3.0864200084579345e-11,2,2,1.0,0.0012109999999667,1291,76,29.91604723336313,262.2921777632695,332.5670190587383,1.8808520526723476
NDARVD437JV0,R11,ThePresent,available,694,500.0,60.023380109610905,130,0,42,E8,E25,E21,E17,False,False,False,False,486,238,0.0042487709237111,29.913116559064143,460.62988930990656,0.0083226971526688,0.98115100348078,6000,0.9997112247701826,1805,0.013186976055938,2.4792891268258703,0.0132624207598273,25.0,0.0053447746872006,0.0125857926788748,-14478.0,0.0046333670210831,2,203.066,1.8540724511240114e-11,1.8540724511240114e-11,0,2,1.0,-0.005506999999991,1039,165,27.58145859788894,324.9955377089762,141.0598273695255,3.786708373435996
NDARJR579FW7,R5,ThePresent,available,397,500.0,60.02341294865696,130,0,42,E8,E25,E21,E17,False,False,False,False,162,228,0.0091885373515137,84.94224506191807,322.3076111932681,0.0016806823483561,0.9563577609840624,6000,0.9952949028848312,1263,0.012086151715638,7.1259104469595975,0.012870624714888,33.0,0.0129000186688383,0.0065381960457764,45384.0,0.0049254944667705,2,203.063993,3.275157922644212e-11,3.275157922644212e-11,2,2,1.0,0.0018000000000371,1153,132,50.08263697805235,237.5568871390024,206.1083322615412,7.288716392020815
NDARAG644KE3,R10,ThePresent,available,535,500.0,60.01381973607911,130,0,42,E8,E25,E21,E17,False,False,False,False,135,220,0.0095537712423184,23.25753695101931,133.60874763229037,0.0004487055919757,0.9446224072530368,6000,0.9975589392747688,524,0.0105026439125243,9.23428815943523,0.0112182330459733,25.0,0.0120879879999882,0.0024604873890916,-43666.0,0.0027518048091093,2,203.065998,7.582823258189819e-11,7.582823258189819e-11,0,0,1.0000000000000002,0.0080960000000377,1416,92,47.46458049898285,189.22089249877877,244.6617987281468,13.196151129943503
NDARAN160GUF,R9,ThePresent,available,212,500.0,60.023570582311365,130,0,42,E8,E25,E21,E17,False,False,False,False,230,236,0.005331763604633,-53.34828238451683,434.322802612465,0.0041858941551693,0.954588161222428,6000,0.9962581737586084,1702,0.010940389651707,4.54502275198554,0.0112087052938312,25.0,0.0117446635728357,0.0070991995667408,-14767.0,0.0054478050383422,2,203.276,6.106226635438361e-11,6.106226635438361e-11,2,2,0.9999999999999996,-0.0014040000000364,1439,38,30.18440411524486,241.0428810457853,263.9439638754897,1.671862404447533
NDARUK588UY6,R8,ThePresent,available,978,500.0,60.01870760954405,130,0,42,E8,E25,E21,E17,False,False,False,False,253,214,0.0087889577529249,-11.22506957763635,242.21968172004185,0.0015495156937644,0.9165241062665572,6000,0.9984923960565378,949,0.010884770903676,8.238286190739888,0.0111425707012438,25.0,0.0111640547724187,0.0039649716606436,-19326.0,0.0032615683541917,2,203.286003,7.815970093361102e-11,7.815970093361102e-11,0,2,0.9999999999999996,0.0072789999999581,1143,236,35.595070333100914,239.21702851828067,202.53956962321564,5.731181102362204
NDARNA984ZXT,R11,ThePresent,available,397,500.0,60.018434914225615,130,0,42,E8,E25,E21,E17,False,False,False,False,204,223,0.0036996514429627,11.126630554953778,152.8060437475864,0.0068005358482317,0.9562817318130428,6000,0.99967879263172,599,0.0107642254041587,2.4631399675016583,0.0110753607052414,28.0,0.0047948010443535,0.0107824089038212,-20832.0,0.0042054292111048,2,203.065995,9.79216707719388e-11,9.79216707719388e-11,2,2,1.0000000000000002,0.0013560000000819,1368,78,31.520073829508732,250.38577474171055,206.9647130804718,2.889707602339181
NDAREN691WTC,R10,ThePresent,available,429,500.0,60.013757790939145,130,0,42,E8,E25,E21,E17,False,False,False,False,344,249,0.0065702832741522,-92.58757514539867,415.4385499787095,0.0033698346406979,0.9668568481084512,6000,0.9974978846009556,1628,0.0106896435209202,4.874551655673606,0.0108525795607464,25.0,0.0098838976862115,0.009711634047103,7856.0,0.0086809643882136,2,203.065999,1.7430501486614958e-11,1.7430501486614958e-11,0,2,1.0,-0.0059890000000062,1161,42,30.99703576241598,299.2836977113243,378.43717853410914,3.153479758828596
NDARFR873KZX,R8,ThePresent,available,1944,500.0,60.02357396351867,130,0,42,E8,E25,E21,E17,False,False,False,False,478,221,0.0090303194421389,-20.570257458551268,390.7250011174373,-0.0004472661154624,0.9214616461902876,6000,0.9868631470085544,1532,0.0106458646267644,8.755162453059267,0.0108485077734534,21.0,0.0122310974692777,0.0040585623271425,-18075.0,0.0044547206824876,2,203.286002,3.1530333899354446e-11,3.1530333899354446e-11,2,2,0.9999999999999996,-0.0018259999999364,1296,312,31.98371141995525,216.81755215464415,222.5145902761309,3.3078163580246915
NDARGC124PAW,R8,ThePresent,available,217,500.0,60.01837496796106,130,0,42,E8,E25,E21,E17,False,False,False,False,128,229,0.0062661135186983,68.07761892924525,334.1893559459482,0.0015787825102791,0.9423044640692532,6000,0.9830752710914662,1310,0.0098678833588844,14.786096122189722,0.0106190410207041,36.0,0.0115674197463568,0.0039498711931119,705.0,1.0246727457638612e-05,2,203.286002,2.8754776337791554e-11,2.8754776337791554e-11,0,2,1.0,-0.0054769999999705,1328,95,38.18904897734827,207.248735044328,601.007183186474,5.016995481927711
NDARRN626DC4,R10,ThePresent,available,382,500.0,60.01868415261988,130,0,42,E8,E25,E21,E17,False,False,False,False,215,243,0.0073118601506253,26.69269460679099,424.0936736805856,0.0009512704706549,0.9507825696921232,6000,0.9913900508572504,1662,0.0101456311228725,9.092136750071612,0.0105448433349971,26.0,0.0107338830924791,0.0063844698308243,-13115.0,0.0054082800859855,2,203.067992,5.4622972811557695e-11,5.4622972811557695e-11,0,2,0.9999999999999996,-0.0023180000000233,1163,48,26.6455844610304,310.813030126128,266.5597931763651,2.096233877901977
NDARPC301UWR,R8,ThePresent,available,76,500.0,60.02353200963967,130,0,42,E8,E25,E21,E17,False,False,False,False,214,225,0.0086206457864999,5.67198147575832,237.0329093199933,0.000407363633892,0.9356265323206338,6000,0.9973868777661352,929,0.0097056371332178,8.106010925904018,0.0101264433255926,29.0,0.0112630285227527,0.00500950941544,-21758.0,0.0052402121672476,2,203.276,2.942091015256665e-11,2.942091015256665e-11,0,2,0.9999999999999996,-0.0041059999999693,1323,24,35.299518928892326,256.9020399349192,251.2999830105813,2.2653212396069544
NDARMJ333WJM,R8,ThePresent,available,196,500.0,60.02360445167657,130,0,42,E8,E25,E21,E17,False,False,False,False,209,223,0.0087848007055607,39.73365486311381,331.8796623878033,-0.0014532025812884,0.9346920189257848,6000,0.981770088934384,1301,0.0089206250333593,7.818479615970815,0.0093525286637325,27.0,0.0120927533147652,0.0038015934474765,8172.0,0.0068478414874385,2,203.275993,5.084821452783217e-11,5.084821452783217e-11,2,2,1.0000000000000002,-0.0001089999999837,1533,47,31.223584583483785,221.13369158273852,196.0299713656084,1.749641226353555
NDARTJ862ENU,R8,ThePresent,available,354,500.0,60.02351662455472,130,0,42,E8,E25,E21,E17,False,False,False,False,180,228,0.00783071038951,35.45999621216138,178.59875550463502,-0.00090079194722,0.9313890345853264,6000,0.9863124695578204,700,0.0079936801764823,17.02131929165938,0.0085587912783477,26.0,0.0102485169051168,0.0008492293541229,4607.0,0.0024276543790955,2,203.275995,3.3084646133829665e-11,3.3084646133829665e-11,0,2,0.9999999999999996,-0.0022950000000087,1479,48,33.82883630421978,226.2892476009412,356.1240851287111,1.9223529411764704
NDARRW536ZM2,R9,ThePresent,available,261,500.0,60.02360488199452,130,0,42,E8,E25,E21,E17,False,False,False,False,258,228,0.0069832179685672,12.74774016043713,310.2303796346744,-0.0006564901602441,0.9620729117578292,6000,0.9835491119331442,1216,0.0081177779623464,17.87751757813167,0.0085408248172454,23.0,0.0097883360829692,0.0017941759449239,14652.0,0.0030427560933012,2,203.275996,6.517009154549669e-11,6.517009154549669e-11,2,2,1.0,-0.0011879999999264,1446,37,30.59171212912806,244.7923252058241,205.79009970859624,1.4298893499308436
NDARHT518WEM,R11,ThePresent,available,550,500.0,60.02353808176257,130,0,42,E8,E25,E21,E17,False,False,False,False,288,218,0.0060821584908298,9.061402539436862,248.74808260107275,0.000476107541222,0.92469018903153,6000,0.9904300289273874,975,0.00775020565136,11.49474224143199,0.0082773899963115,27.0,0.0086603188938776,0.0029221944531433,-46535.0,0.0023581434395971,2,203.066005,2.2315482794965646e-11,2.2315482794965646e-11,0,2,1.0,0.0072949999999838,1505,127,32.80136380362142,218.09971310039109,172.77801759640786,3.647734219269103
NDARGM159ZL9,R10,ThePresent,available,98,500.0,60.02342517151038,130,0,42,E8,E25,E21,E17,False,False,False,False,179,237,0.0062305066814266,24.45360247361921,187.8528053694092,0.0010403720921119,0.9684880369174758,6000,0.9987180703879912,736,0.0076142859861974,14.134063651784327,0.0080015549626568,29.0,0.0079341778521781,0.0022418552618074,-13841.0,0.0019882373386208,2,203.076004,1.4654943925052066e-11,1.4654943925052066e-11,0,2,1.0,-0.0077299999999986,1890,27,40.38237660461432,172.832605851534,119.71102357815718,2.4625714285714286
NDARHZ375JRF,R8,ThePresent,available,1648,500.0,59.811827000323525,130,0,42,E8,E25,E21,E17,False,False,False,False,184,220,0.0081317360853109,-57.05052862534298,494.0032357295565,-0.0010041805233054,0.9111903319270596,6000,0.993726263827492,1937,0.0079470314971152,6.59430346960976,0.007951998155029,6.0,0.0092917501763734,0.0034489025510335,-43747.0,0.003141104712549,2,203.286003,2.5424107263916085e-11,2.5424107263916085e-11,0,2,1.0,-0.0040089999999774,658,199,74.44194374097975,129.97054396235222,1084.9396666131086,9.757993920972645
NDARRU979UBW,R5,ThePresent,available,426,500.0,119.4951584508018,130,0,34,E8,E25,E21,E17,False,False,False,False,0,250,0.0069145796230583,86.27418985374825,353.5480155487223,-0.0004274899393876,0.9466430461784996,6000,0.9881333441450596,1386,0.0070934839947665,14.153494455995707,0.0078663086801281,84.0,0.0086689191066742,0.0017524770371355,14438.0,0.0023796426907034,2,203.070004,4.307665335545608e-11,4.307665335545608e-11,2,2,0.9999999999999996,0.0009000000000319,1746,49,31.559538261019988,199.2072997030345,222.90088024510183,2.549581901489118
NDARHV743KA4,R10,ThePresent,available,1157,500.0,60.02346531576702,130,0,42,E8,E25,E21,E17,False,False,False,False,107,239,0.0057949435568901,-26.924347214120743,328.1384465620998,0.0008112131785283,0.927239719924665,6000,0.9953099723265096,1287,0.0076230271848,9.220355293257905,0.0077283033420679,18.0,0.0083274657709789,0.0030167484718386,-20370.0,0.003171868053238,2,203.065995,4.307665335545608e-11,4.307665335545608e-11,0,2,1.0,0.0067280000000577,1694,293,56.39439871408485,141.77316090330544,150.97004682603492,5.412969303423849
NDARMG263JRX,R8,ThePresent,available,755,500.0,60.02353626110896,130,0,42,E8,E25,E21,E17,False,False,False,False,408,221,0.0056831955880047,-6.912160438684662,283.0112404094276,0.0002395660721275,0.9580069902189002,6000,0.9865607862553708,1109,0.0073408130737339,8.185566432899153,0.0076551369094403,23.0,0.0087609515365315,0.0034812267992467,-45192.0,0.0042324390407923,2,203.285999,3.6193270602780097e-11,3.6193270602780097e-11,0,2,1.0000000000000002,0.0029110000000151,1591,139,41.34426252753191,192.22757382107136,203.4046336007844,3.3264236329352608
NDARMX482GWR,R8,ThePresent,available,140,500.0,60.02350199934228,130,0,42,E8,E25,E21,E17,False,False,False,False,352,223,0.0060967204987293,21.079340156655,362.9064055587074,-0.0002732822499392,0.959771069630042,6000,0.988455133670476,1423,0.0069664342884869,16.1420841467567,0.0072767946473842,30.0,0.0079040292379916,0.001763718195173,13271.0,0.0021236579683913,2,203.276001,1.5987211554602254e-11,1.5987211554602254e-11,0,2,1.0,-0.0068569999999961,1194,92,54.21198461596953,190.0813862479961,843.1855953577508,8.222244556113903
NDARLJ970DEY,R7,ThePresent,available,354,500.0,60.00410818282124,130,0,42,E8,E25,E21,E17,False,False,False,False,103,226,0.0050278953341338,59.98743042233533,185.0394463186277,0.0015279345738099,0.9690469065692858,6000,0.9981288111295517,725,0.0065786584260724,16.95809064002326,0.0072601605921728,52.0,0.0067912850969825,0.0023935391119854,1051.0,0.0004656734597922,2,203.063994,4.6629367034256575e-11,4.6629367034256575e-11,0,2,0.9999999999999996,-0.0051340000000074,1193,38,27.88766002602594,300.92943477700965,260.81955461437883,1.7986336965632863
NDARNC489BX5,R8,ThePresent,available,188,500.0,60.023506670489205,130,0,42,E8,E25,E21,E17,False,False,False,False,886,220,0.0064991859576582,13.973030347534856,200.1343748985373,-0.0001291997919091,0.9190052379758248,6000,0.9979986432776912,785,0.0067752092714311,8.818077247900517,0.0071110889894161,26.0,0.0093012737047876,0.0020001614549808,-17639.0,0.003595961899339,2,203.285995,7.283063041541027e-11,7.283063041541027e-11,0,2,1.0,-0.0038549999999396,1479,16,34.73066383931838,232.2750586623709,400.89098213224673,2.2793306288032453
NDARYJ334EHH,R8,ThePresent,available,967,500.0,59.98540477004604,130,0,42,E8,E25,E21,E17,False,False,False,False,390,238,0.004472353257515,6.87968728030379,279.59041195162536,0.0018372701962067,0.9288661427531218,6000,0.998881685837928,1096,0.0064169837270719,5.845776015749189,0.006576088089506,47.0,0.0054299703950622,0.0031080028337291,-19559.0,0.0018631121638514,2,203.075993,1.587618925213974e-11,1.587618925213974e-11,0,2,1.0,-0.0046349999999683,756,99,24.528052092116408,463.0289540516928,229.6264362601016,2.0762433862433864
NDARFT305CG1,R2,ThePresent,available,83,500.0,119.8374372559725,130,0,34,E8,E25,E21,E17,False,False,False,False,0,225,0.0061758544667528,-2.9889650559936563,169.1138046277086,-0.0004623449626197,0.9759132042719796,6000,0.9964353143862772,663,0.0064960121303204,15.267574203476377,0.0065080635515858,4.0,0.0081333356216762,0.0007254222640517,10938.0,0.0020221284886397,2,203.069997,2.3092638912203256e-11,2.3092638912203256e-11,0,2,1.0,0.0041069999999823,1996,16,16.123447647410142,189.6401060118868,234.61861875480852,1.2192735470941884
NDARMU443RHZ,R11,ThePresent,available,337,500.0,60.02320745493552,130,0,42,E8,E25,E21,E17,False,False,False,False,385,241,0.0050825753728439,56.430313197726576,320.7023011889015,-0.0001888948099755,0.9354724616083974,6000,0.981410077183124,1258,0.0059574262466373,13.096407718482435,0.0064535980724703,32.0,0.0071726622034826,0.0019971013949434,407.0,1.1366454292236277e-06,2,203.068005,2.375877272697835e-11,2.375877272697835e-11,0,2,1.0,-0.005432000000019,1502,52,28.729314240901804,235.34863300939483,179.10690613088212,2.235426098535286
NDARRB889VDF,R11,ThePresent,available,864,500.0,60.02337226331428,130,0,42,E8,E25,E21,E17,False,False,False,False,363,229,0.0055448882543891,28.273044404317336,332.04094205236254,-0.0004485182995846,0.9562194651433534,6000,0.9901024533721452,1302,0.006131405173286,14.061817343594118,0.0064106654528573,28.0,0.0069920196214165,0.0013184479404936,-46024.0,0.0013595788077934,2,203.065997,2.631228568361621e-11,2.631228568361621e-11,0,2,1.0,-0.0038530000000241,1233,215,27.160190993053835,276.23591221501096,130.8849200136563,3.8642984590429847
NDARHN206XY3,R11,ThePresent,available,11819,500.0,60.02344470645912,130,0,42,E8,E25,E21,E17,False,False,False,False,193,234,0.0036831348656809,-123.75305344220672,505.5874802319983,0.0025611932340803,0.9656105450329794,6000,0.9977699854649088,1982,0.0063332582639887,8.794045244160014,0.0063727066928464,28.0,0.0058655868476873,0.0041427251174278,-1116.0,8.641306247473765e-06,2,203.065998,4.507505479978136e-11,4.507505479978136e-11,2,2,0.9999999999999996,-0.0017429999999662,51,8,65.33844182365526,196.47512089465516,49258.801303092616,12.515686274509804
NDARTD794NKQ,R11,ThePresent,available,172,500.0,60.0233094042938,130,0,42,E8,E25,E21,E17,False,False,False,False,226,214,0.0037166145653634,-39.9229928988451,311.0777352929413,0.0016537790550098,0.9014976369422792,6000,0.9946269175289282,1219,0.0061076937535333,5.13127582927294,0.006285242346251,25.0,0.0046455697294877,0.0034964737827498,-42150.0,0.0014758868521499,2,203.063995,4.485301019485632e-11,4.485301019485632e-11,2,2,1.0,0.0017420000000329,1273,39,27.641609234549467,286.4091203523983,140.97503101560983,1.739615082482325
NDARJW072UJ3,R8,ThePresent,available,665,500.0,60.02339006939118,130,0,42,E8,E25,E21,E17,False,False,False,False,127,252,0.0044440895644595,-39.62008255100946,306.7634352842837,0.0008824358980356,0.9488507405137878,6000,0.9943598637517808,1202,0.0060825167518858,6.897965610180534,0.0062373897820339,26.0,0.0057097729841976,0.0030401872706612,-48793.0,0.00176595168883,2,203.061995,1.5543122344752194e-12,1.5543122344752194e-12,0,0,1.0,-0.008357999999997,922,160,36.17565121868871,312.39664956900685,260.108353221298,7.379013015184381
NDARUA035YJN,R11,ThePresent,available,287,500.0,59.994468640256805,130,0,42,E8,E25,E21,E17,False,False,False,False,179,248,0.003956247556023,-9.945633508129593,333.02451509669453,0.0012437326783915,0.9157152762737418,6000,0.9948510291718234,1305,0.0056814278521817,5.3270141544741465,0.0061846172277572,60.0,0.0050864906261975,0.0030218699233634,-45660.0,0.001356235156241,2,203.065999,3.785860513971784e-11,3.785860513971784e-11,2,2,1.0,0.0018589999999813,1737,32,39.76457011078253,188.47871855665375,284.6791872863297,2.6537305699481863
NDARPZ754PMY,R11,ThePresent,available,436,500.0,60.01387286764014,130,0,42,E8,E25,E21,E17,False,False,False,False,296,234,0.003762531089845,27.464503044952547,149.11602761545646,0.0016445581910751,0.924092496333589,6000,0.9976807854049028,584,0.0059063456209577,10.697361875422772,0.0060212012557957,15.0,0.006196334424821,0.0027414068691996,755.0,0.0003268177195774,2,203.076008,3.075317778211684e-11,3.075317778211684e-11,0,2,1.0,0.0075120000000047,1415,63,29.001648280295544,244.9615892563814,229.78905683191056,2.5514346289752647
NDARCU621EBN,R7,ThePresent,available,946,500.0,60.01868623507494,130,0,42,E8,E25,E21,E17,False,False,False,False,300,227,0.0045402571167892,11.54090564628481,317.711255697511,0.0003882767803343,0.9704108168036965,6000,0.9954777950283608,1246,0.0055418082386519,19.6473062983602,0.0057422100465986,34.0,0.0057732209349337,0.0014960578484232,-19698.0,0.0013528607174781,2,203.066,8.226752612472409e-11,8.226752612472409e-11,0,2,1.0000000000000002,-0.0034289999999494,918,301,56.35221089772785,219.01079480680676,145.01078678196689,12.494618736383444
NDARXV702MYC,R8,ThePresent,available,209,500.0,60.02351254932853,130,0,42,E8,E25,E21,E17,False,False,False,False,200,234,0.0064037183188657,16.530889498424227,342.306157528604,-0.0021364042983532,0.9384928886999604,6000,0.9845109287207392,1342,0.005387516835979,3.721864212004068,0.0056172930282286,23.0,0.0093382059294949,0.0028240859158811,48740.0,0.0057168267909493,2,203.286002,6.106226635438361e-11,6.106226635438361e-11,0,2,1.0000000000000002,0.0052850000000367,1119,35,27.365548526419893,321.3420721467146,360.3456058062316,1.2930026809651476
NDARGB060TAM,R8,ThePresent,available,209,500.0,60.023503227568106,130,0,42,E8,E25,E21,E17,False,False,False,False,208,234,0.0043471678841969,66.26147060661113,271.60115285301515,0.0001592524331384,0.940508425695906,6000,0.9942679837871417,1065,0.0051178684255505,12.128405550614453,0.0053380596421433,24.0,0.0059265517673129,0.0014074530519179,19108.0,0.0022525204353023,2,203.287999,3.4861002973229915e-11,3.4861002973229915e-11,0,2,0.9999999999999996,0.0074830000000421,1403,47,28.381586528608715,253.14506867903225,195.67676887665397,1.5310263720598716
NDARRU865YHE,R11,ThePresent,available,632,500.0,60.0234331483011,130,0,42,E8,E25,E21,E17,False,False,False,False,336,224,0.005185783098024,32.58185625037425,255.30569254727405,-0.0005035586304764,0.9396246244443492,6000,0.9959922696594224,1000,0.0049720999086748,7.153772388890543,0.0052598962517628,30.0,0.0070655996918135,0.0014123624473585,-19819.0,0.0028484305361182,2,203.065995,1.1191048088221578e-10,1.1191048088221578e-10,0,2,1.0,0.0063929999998899,1837,152,54.23672027311981,145.36166994984922,157.06915492927408,5.925541643984757
NDARMZ518UH1,R2,ThePresent,available,98,500.0,119.19407113125332,130,0,34,E8,E25,E21,E17,False,False,False,False,0,241,0.0048850794231259,40.7648034411731,359.4301398811465,-0.0002936050351856,0.9084216697492612,6000,0.9842199648837672,1409,0.0046839160508601,4.553586432932904,0.0051585352449128,140.0,0.0075575654201677,0.003024599930395,-11910.0,0.0060092661115072,2,203.070004,2.620126338115369e-11,2.620126338115369e-11,2,2,0.9999999999999998,8.100000002502023e-05,1183,42,15.457438132556366,323.0804898962825,281.1882111578283,1.7164666103127644
NDARGY580WWL,R4,ThePresent,available,1218,500.0,60.02325797458512,130,0,42,E8,E25,E21,E17,False,False,False,False,180,279,0.0017265793009209,-100.77360108231636,344.8147497252667,0.003158518960938,0.9022856815416564,6000,0.9986044759248957,1352,0.0050206047047641,2.8713658930357644,0.0050915890117451,39.0,0.0027989243658056,0.004847731231257,-14715.0,0.0019893093303206,2,203.065996,3.708144902248023e-11,3.708144902248023e-11,2,2,1.0,0.0006860000000172,1367,293,35.83953392825098,214.8354836158371,146.91240168292526,5.085157278712509
NDARGN483WFH,R11,ThePresent,available,45,500.0,60.0233982522116,130,0,42,E8,E25,E21,E17,False,False,False,False,209,235,0.0042391967966056,31.234696581104306,371.0395562392224,-0.0005689841804911,0.9634605529914496,6000,0.9836921952468998,1455,0.0046398237356131,15.440330701409806,0.0049781062776984,32.0,0.0059150297537252,0.0008474622452679,-24197.0,0.0013981436166222,2,203.076005,3.1530333899354446e-11,3.1530333899354446e-11,0,2,1.0000000000000002,-0.007599999999994,1344,9,29.68892079003528,271.77036430786336,179.56359107818247,1.7580059523809526
NDARGX161LRM,R9,ThePresent,available,130,500.0,60.02348069203892,130,0,42,E8,E25,E21,E17,False,False,False,False,170,239,0.0045401325741812,31.19299775895181,275.3775346260905,-0.0007111786720047,0.968934931101916,6000,0.9856459216843186,1079,0.0047061104534188,15.985076002565224,0.0049693258210372,25.0,0.0062492648061909,0.0006173296147832,10645.0,0.0018753639517545,2,203.275993,2.9087843245179098e-11,2.9087843245179098e-11,2,2,1.0,-0.0014929999999702,1600,41,59.97950332346111,166.94510850332338,178.79541063709306,10.87270625
NDARHX844UZE,R11,ThePresent,available,380,500.0,60.023475182569975,130,0,42,E8,E25,E21,E17,False,False,False,False,364,221,0.0054862234449705,17.212716787437696,165.79172185188511,-0.0016421729870066,0.9684673428272524,6000,0.9873051872316938,650,0.0044368769233068,6.282983418261968,0.0048044548559717,25.0,0.0074060101394384,0.0013545603654978,10647.0,0.0035253726496819,2,203.066002,6.528111384795919e-11,6.528111384795919e-11,2,2,1.0,0.0009849999999262,1623,95,41.99643545889675,197.39628347669253,135.04240334051437,3.162427603203944
NDARCM707DHW,R11,ThePresent,available,258,500.0,60.02346395497474,130,0,42,E8,E25,E21,E17,False,False,False,False,158,239,0.0055537641177816,-20.350573926203896,544.5867349612222,-0.0011984561229804,0.9167099037654568,6000,0.9835213445710518,2135,0.0046435726812023,4.144669606944272,0.0047964444981732,39.0,0.0060626988223712,0.0038551220722566,-33806.0,0.0043408469780959,2,203.065995,2.8532731732866523e-11,2.8532731732866523e-11,0,2,1.0000000000000002,-0.0069640000000573,1197,45,27.21172700859836,302.1742363752728,212.5212565696673,1.7543525480367586
NDARJH367WKY,R5,ThePresent,available,1848,500.0,60.02332716190857,130,0,42,E8,E25,E21,E17,False,False,False,False,164,226,0.0037515977574616,31.737729872460275,274.6012545440525,0.0002026251443913,0.9390484543508608,6000,0.9920523210166908,1076,0.0046370512132987,6.298673528375383,0.0047353702128923,23.0,0.0056538977402121,0.0022073677476588,17488.0,0.0023629133757988,2,203.063996,7.693845560652335e-11,7.693845560652335e-11,0,2,1.0000000000000002,0.00458600000004,521,351,191.6484408616351,94.52607636711268,170.07127119435108,43.73165067178503
NDARWR509KGZ,R7,ThePresent,available,264,500.0,60.02338462359753,130,0,42,E8,E25,E21,E17,False,False,False,False,261,234,0.0031751653244372,-51.01037555140628,424.4465415285785,0.0008004671508218,0.9386126142809856,6000,0.9940258902750988,1663,0.0045676489378598,4.858513452750221,0.0046716557481023,24.0,0.0043792103758926,0.0024349456795473,-21869.0,0.0018013195821645,2,203.065998,7.638334409421077e-11,7.638334409421077e-11,0,2,1.0000000000000002,0.0077810000000389,1144,60,26.710362710062714,315.67402174906124,149.6631940159397,1.7449038461538462
NDARPJ395JDY,R11,ThePresent,available,1531,500.0,60.023410816133854,130,0,42,E8,E25,E21,E17,False,False,False,False,199,221,0.003267975900721,1.9994216097414552,532.4437412187124,0.0005533596786239,0.9370114255545364,6000,0.9855619520687794,2087,0.0045405329300141,3.055724010304066,0.0046527167224249,27.0,0.0060504357359354,0.0035065165254331,-23732.0,0.003670689592351,2,203.065994,5.873079800267078e-11,5.873079800267078e-11,2,2,0.9999999999999996,-0.0005260000000316,599,325,192.16904079067447,97.27826495955144,228.12198347351895,39.149816360601
NDARDV550JB2,R11,ThePresent,available,236,500.0,60.023485663722674,130,0,42,E8,E25,E21,E17,False,False,False,False,146,220,0.0041357851744318,30.088860283482976,311.9593793549984,-0.0003720670776319,0.9790681821489312,6000,0.9915016557692397,1223,0.0044912024199461,12.929069474972197,0.0046492124404691,23.0,0.0052827783860009,0.0012181531529753,4980.0,0.0015302746145993,2,203.066004,8.248957072964913e-11,8.248957072964913e-11,0,2,1.0000000000000002,0.0075620000000511,1181,67,24.110875737268408,306.08505819617784,127.8138891007069,1.7026333615580016
NDARZW930MF2,R2,ThePresent,available,290,500.0,119.41423186934068,130,0,34,E8,E25,E21,E17,False,False,False,False,0,252,0.0047115485618608,52.53174886336928,322.5595748942975,-0.000728773023161,0.9784224773676776,6000,0.992851805570266,1264,0.0043325689488293,12.211612131901653,0.0046396938794604,56.0,0.0056770304714571,0.0009919564424081,-8964.0,0.0017413971140334,2,203.070006,7.815970093361102e-11,7.815970093361102e-11,2,2,1.0000000000000004,-1.6999999958149088e-05,870,33,15.566551179105652,451.4669953911546,208.66754989143445,1.7975402298850576
NDARFF070XHV,R2,ThePresent,available,42,500.0,119.64494528041486,130,0,34,E8,E25,E21,E17,False,False,False,False,0,240,0.004153457115065,8.874121996564718,355.8015182374345,-0.0002712985908821,0.9542621589160056,6000,0.994397940320672,1395,0.0044924602633475,10.50662676180423,0.0045830500974229,27.0,0.0050034830332438,0.0014168680250561,-5532.0,0.0016872415157957,2,203.070002,3.907985046680551e-11,3.907985046680551e-11,2,2,0.9999999999999996,2.000000005161077e-05,1094,26,20.452033846421028,351.46559646003226,183.8413625628417,1.868519195612432
NDARUZ368BT4,R5,ThePresent,available,609,500.0,119.83270356017375,130,0,34,E8,E25,E21,E17,False,False,False,False,0,238,0.0027967481057989,-32.15284558822669,401.4689649836364,0.0010537778755261,0.9809744519192646,6000,0.9949481333402478,1574,0.0045406491391396,6.225827128523168,0.0045432008465409,4.0,0.0043385079285496,0.0030688473635464,-14730.0,0.0025366341531272,2,203.074002,1.0702549957386508e-10,1.0702549957386508e-10,2,2,1.0000000000000004,-0.00095899999993,1631,130,15.73204669121865,232.68452100881925,148.6844530389149,2.3962967504598405
NDARET558NB3,R8,ThePresent,available,100,500.0,60.02349897484431,130,0,42,E8,E25,E21,E17,False,False,False,False,284,229,0.003824402157112,15.714151153080088,211.94831572595317,0.000337155119474,0.9596929152902702,6000,0.9991016958029711,831,0.0043649497062927,9.492828051282162,0.0045005386366198,25.0,0.0042988668781479,0.0014107715148065,-46975.0,0.0011182147751325,2,203.064007,6.94999613415348e-11,6.94999613415348e-11,0,2,1.0000000000000002,0.0028959999999175,721,16,22.3699840220964,529.288406495223,221.79567093043173,1.000374479889043
NDARYX806FL1,R5,ThePresent,available,357,500.0,60.00382342526261,130,0,42,E8,E25,E21,E17,False,False,False,False,168,241,0.0025934755333164,90.4715962120454,263.12724810871293,0.001264418919559,0.983984064734508,6000,0.9936288484584936,1032,0.0042823480554464,10.222620799375074,0.0044119480917036,27.0,0.0038635627599191,0.0028476878292219,46519.0,0.0016180372645332,2,203.062007,4.651834473179406e-11,4.651834473179406e-11,0,2,0.9999999999999996,-0.007944999999935,1990,53,60.01109414260939,133.7677946111674,293.61517671131486,4.074728643216081
NDARWT086XMF,R4,ThePresent,available,254,500.0,60.0230624962901,130,0,42,E8,E25,E21,E17,False,False,False,False,204,241,0.0023765174546709,-45.63271796810564,384.0378829792176,0.001550078709071,0.9471049280209688,6000,0.9973380702049734,1506,0.0043181113557929,6.770201243214758,0.0043678387720732,21.0,0.0032399419356183,0.0023290714999863,-1413.0,8.881168800381522e-05,2,203.063996,4.785061236134425e-11,4.785061236134425e-11,0,0,1.0000000000000002,0.0083400000000102,723,34,23.2732633840902,521.5799479944919,280.2937735505186,1.2518948824343017
NDARBM839WR5,R2,ThePresent,available,190,500.0,119.64001804252624,130,0,34,E8,E25,E21,E17,False,False,False,False,1,229,0.0037287854241738,66.84465504476057,370.212446536765,-0.0004241071087654,0.9248579122098292,6000,0.9823852544061938,1451,0.0043519143535076,7.917540345548354,0.0043596136359176,6.0,0.0055010797201428,0.0025090996273472,-6874.0,0.0031992070774655,2,203.069993,8.171241461241152e-11,8.171241461241152e-11,0,2,1.0000000000000002,-0.0037080000001077,1603,48,22.44302527667661,229.52203640226327,283.4394671940531,2.2596568933250154
NDARJF565ZRA,R4,ThePresent,available,55,500.0,119.79904317792044,130,0,34,E8,E25,E21,E17,False,False,False,False,0,245,0.0037990541579866,-13.757463244630516,265.126144740686,-0.0001869977909202,0.929529887758761,6000,0.993599877946971,1039,0.0042847199117313,11.789753955614332,0.0042862813427523,3.0,0.0048434122429156,0.0008076291782679,-21925.0,0.0013410612919902,2,203.069995,3.552713678800501e-11,3.552713678800501e-11,2,2,1.0,0.0007839999999567,1730,7,13.731541992496677,224.63787978044,291.9167021814569,0.8486416184971098
NDARBU668NTV,R3,ThePresent,available,131,500.0,119.09257366536036,130,0,34,E8,E25,E21,E17,False,False,False,False,0,227,0.0054429533113279,-101.042982658893,397.5019684458563,-0.0018869023184707,0.9305903643046456,6000,0.9861412737838032,1559,0.0040739400618051,5.639343702618626,0.0042550816058399,-34.0,0.0072730859566961,0.0025258047939498,4846.0,0.0045291032118103,2,203.072001,2.664535259100376e-11,2.664535259100376e-11,2,2,1.0,0.0008970000000249,1490,35,14.499382897950904,255.0695293703607,230.23837435491177,1.372939597315436
NDAREV527ZRF,R2,ThePresent,available,179,500.0,118.53936657086828,130,0,34,E8,E25,E21,E17,False,False,False,False,0,237,0.0038193152387719,-61.9110124644584,318.8829031191625,3.3215392027216434e-05,0.96121373669496,6000,0.9939956723947456,1250,0.0041890340319614,13.50398809945236,0.0042326175205762,30.0,0.0047102009046762,0.0015796000781784,24221.0,0.0019630398518191,2,203.079995,2.220446049250313e-12,2.220446049250313e-12,2,2,1.0,-0.0006880000000046,2063,65,34.84336352916441,156.16395920033332,315.0164736543944,2.865215705283568
NDARZH761YA7,R1,ThePresent,available,9,500.0,119.76891452334756,130,0,34,E8,E25,E21,E17,False,False,False,False,0,228,0.0029201211525625,91.39232845807084,310.80399314885585,0.0005214598026134,0.9463386984899548,6000,0.9958112776398356,1218,0.0036723802677761,9.345890938029306,0.0039898934647473,61.0,0.0039735750807398,0.0016070679922502,-19074.0,0.0014578258978757,2,203.067999,4.640732242933154e-11,4.640732242933154e-11,2,2,1.0,0.0007180000000648,1927,22,55.46428901369176,159.2483631787024,247.96170670328735,4.617752983912818
NDARWP112TDL,R8,ThePresent,available,237,500.0,60.02350217628042,130,0,42,E8,E25,E21,E17,False,False,False,False,182,219,0.0030525560605964,32.10907705985231,193.01394245011264,0.0005092353786207,0.9567055058991164,6000,0.9975715623285754,757,0.0038243704148692,8.173121592837738,0.0039576639918324,22.0,0.0048083225155272,0.0014373670014501,-11330.0,0.0017537052397593,2,203.276,2.4868995751603507e-11,2.4868995751603507e-11,0,2,1.0,0.0066049999999787,1235,56,28.84305774177358,290.3480817104206,170.77379684858525,1.612906882591093
NDARTW456RAG,R7,ThePresent,available,548,500.0,60.00647980734173,130,0,42,E8,E25,E21,E17,False,False,False,False,2005,225,0.0024727172463076,30.68207969614649,244.46744271701508,0.0009401370102369,0.9332040510947875,6000,0.9968703354706868,958,0.0037244321761475,5.771221501463987,0.0039039441567096,38.0,0.0032003564495431,0.0019365263409565,-13975.0,0.0011336132676467,2,203.063999,9.214851104388799e-11,9.214851104388799e-11,0,2,1.0000000000000002,0.0071500000000703,968,20,24.97320360825907,381.2511815821628,181.60087641107657,2.6323450413223144
NDARYY694NE7,R4,ThePresent,available,0,500.0,119.88576544727242,130,0,34,E8,E25,E21,E17,False,False,False,False,1,231,0.0029954295969714,35.416799962520685,464.321988442877,0.000240696048057,0.9375995164581244,6000,0.9925325494332836,1820,0.0038244290271545,9.752109272656837,0.0038325709459618,7.0,0.0038627718744062,0.0013499610474962,-17883.0,0.0012343074050129,2,203.069998,3.019806626980426e-11,3.019806626980426e-11,0,2,0.9999999999999996,-0.0036709999999949,1132,3,12.091243408795435,347.5472545400042,2029.767371639856,0.8057508833922261
NDARKX788PHG,R4,ThePresent,available,173,500.0,119.87123814135572,130,0,34,E8,E25,E21,E17,False,False,False,False,0,236,0.0015567575267403,-7.469419525006306,314.3508022308957,0.0014942136504891,0.954346535181519,6000,0.99558436281913,1232,0.0037560948714805,2.474205433888962,0.0037580884173457,2.0,0.0024704244522469,0.003483189634032,-15127.0,0.0016991130453676,2,203.066002,8.859579736508749e-11,8.859579736508749e-11,0,2,1.0000000000000002,0.0030400000000633,1752,43,18.66000826614744,218.5111830679992,122.98954869652223,2.1185844748858447
NDARKV800DTW,R7,ThePresent,available,1076,500.0,118.09522436328864,130,0,34,E8,E25,E21,E17,False,False,False,False,0,237,0.0037595780801044,121.4051421621498,338.7238977705986,-0.0001281316241518,0.96163565946578,6000,0.993526250177378,1328,0.0037461800200511,6.329137231996001,0.0037475477884307,-6.0,0.0050029932014978,0.0026513342797168,38011.0,0.0037112435823168,2,203.067993,5.728750807065808e-11,5.728750807065808e-11,2,2,1.0,0.0009700000000571,1291,194,27.4509809831806,262.2500682253405,225.3880956763323,4.275391169635941
NDARMZ790VHM,R7,ThePresent,available,640,500.0,60.02334662031004,130,0,42,E8,E25,E21,E17,False,False,False,False,109,241,0.0023233209751995,33.404975254774605,434.8627044222744,0.0007426530751226,0.9719042822184214,6000,0.9942279913280456,1704,0.0035957258631637,8.753426040511876,0.0037254709913435,29.0,0.0037389919597371,0.001704626951021,-13044.0,0.0013417453201159,2,203.076003,3.430589146091734e-11,3.430589146091734e-11,0,2,0.9999999999999996,0.003866000000012,1023,151,26.725669435503654,329.15053007673555,154.13543558414204,2.330957966764418
NDARVM774PA5,R8,ThePresent,available,422,500.0,60.0235437575131,130,0,42,E8,E25,E21,E17,False,False,False,False,164,229,0.0030321584640943,32.891373109859,177.4293929405935,0.0002886439580362,0.9073059572255004,6000,0.9982966912931612,695,0.0034881362938387,10.0187217783703,0.0036782916325178,28.0,0.004585379178129,0.0014077145478408,43423.0,0.00170364371893,2,203.275999,7.771561172376096e-12,7.771561172376096e-12,0,2,1.0,-0.0043799999999843,1271,172,32.83731802919374,226.75017313739912,275.4865574229321,3.6554287962234455
NDARVL190JA8,R4,ThePresent,available,170,500.0,119.78910612148324,130,0,34,E8,E25,E21,E17,False,False,False,False,0,242,0.0028526595694767,8.831071491676589,270.81015875630925,1.1135305555898388e-06,0.914835382840004,6000,0.9884130176817142,1061,0.0036619622868469,9.856005587902432,0.0036665458737298,3.0,0.0040113894402812,0.0008885791042003,-23514.0,0.0012174421037818,2,203.067993,8.326672684688674e-11,8.326672684688674e-11,0,2,0.9999999999999998,0.0034940000001106,1703,70,23.617240273998004,217.206907611588,126.21211349022826,3.4314210217263645
NDARFT615JZ6,R7,ThePresent,available,33,500.0,119.84719995285732,130,0,34,E8,E25,E21,E17,False,False,False,False,0,233,0.0023657888342395,-7.634767670578968,281.6981968843941,0.0004626790004834,0.9654467608630748,6000,0.9904505125429536,1104,0.0035142814702171,11.475056954435578,0.0035360701363981,9.0,0.0037606825946232,0.0012758684113196,-13059.0,0.0014315914085148,2,203.069997,4.39648317751562e-11,4.39648317751562e-11,2,2,1.0000000000000002,0.0015619999999681,1420,21,18.14637876549514,270.1485723746484,206.13157960805643,1.808957746478873
NDARNJ633HHX,R4,ThePresent,available,475,500.0,118.75868666859596,130,0,34,E8,E25,E21,E17,False,False,False,False,0,230,0.0032167319858405,-101.7037428214409,210.44195690123,-7.659563945659845e-05,0.9730173382629544,6000,0.9969484121092288,825,0.0026566718475651,16.338790116175353,0.0034918066436387,-105.0,0.0040473264475877,0.0006960993931586,-4968.0,0.0012243129983187,2,203.066006,2.9309887850104126e-11,2.9309887850104126e-11,0,2,1.0000000000000004,0.0040799999999971,1752,140,18.449237304321063,206.78806333913096,150.35507389101235,2.828898401826484
NDARVB902GA5,R5,ThePresent,available,283,500.0,118.99636894068202,130,0,34,E8,E25,E21,E17,False,False,False,False,0,227,0.0027159874606927,-34.8720107342825,472.6872455966737,0.0003326566216837,0.9175534198258608,6000,0.9877822134969706,1853,0.00318394950894,4.789060209491252,0.0034363724350619,-109.0,0.0036231787261523,0.0020216139821986,-20712.0,0.0018522036632207,2,203.071995,1.0347278589506459e-10,1.0347278589506459e-10,2,2,1.0,0.0001379999999082,1555,62,26.37789088942089,237.2583510253629,237.4301277196203,3.0490160771704176
NDARGR106TJB,R1,ThePresent,available,1175,500.0,119.4473423144622,130,0,34,E8,E25,E21,E17,False,False,False,False,0,226,0.002674178711832,45.22002128760769,180.19620094083464,0.0003885691800516,0.9733835491280196,6000,0.9981351579241042,706,0.0030496481504311,10.563809999650712,0.0033498627713276,56.0,0.0033266438193509,0.0010454386892819,-17940.0,0.0008921298292648,2,203.068001,4.6629367034256575e-11,4.6629367034256575e-11,2,2,1.0,0.0008710000000362,1734,129,17.753801245375065,207.5444954619969,217.5401460870592,1.9550865051903117
NDARAX887JRN,R4,ThePresent,available,1003,500.0,119.67378810686888,130,0,34,E8,E25,E21,E17,False,False,False,False,0,238,0.0022823167250507,-1.207298767426595,396.8471263836811,0.0001764002033952,0.9302904785537348,6000,0.9841307731155382,1556,0.0031972733593355,19.6700754743404,0.0033469961426423,-29.0,0.0034255940890222,0.0012809805636763,448.0,1.815150290366521e-05,2,203.077999,4.707345624410664e-11,4.707345624410664e-11,2,2,1.0000000000000004,0.0015779999999899,1044,138,17.074719108841578,359.8165901802994,229.75469963366177,2.8184291187739463
NDARDK197BHM,R4,ThePresent,available,138,500.0,119.81349496841872,130,0,34,E8,E25,E21,E17,False,False,False,False,0,228,0.0024296111026784,-2.663548131724022,222.85452576985412,0.0004456668824506,0.9647812870613162,6000,0.9964912154255824,874,0.0032975722038232,9.72996039118585,0.0033289872470489,12.0,0.003124627627001,0.0011060361232524,-37454.0,0.0007504638099262,2,203.069993,2.3980817331903378e-11,2.3980817331903378e-11,2,2,1.0000000000000002,-0.0004280000000491,1243,27,20.479890595664653,304.9655928671686,385.8838702666959,1.8616009654062755
NDARNJ899HW7,R6,ThePresent,available,304,500.0,60.02333968773164,130,0,42,E8,E25,E21,E17,False,False,False,False,95,249,0.0020904551636289,64.48720364651572,312.07843165206367,0.0003239870238205,0.9403279076547972,6000,0.9827776531695436,1224,0.0029902329436895,8.146203352340125,0.0032072849983899,34.0,0.0037173250294756,0.0018568129220168,41645.0,0.0021619237211158,2,203.066005,5.184741524999481e-11,5.184741524999481e-11,2,2,1.0000000000000002,-0.0015790000000754,1071,84,23.13268673332116,324.86004549026063,153.11622698113098,1.544285714285714
NDARUH340WL5,R11,ThePresent,available,775,500.0,60.02345306629567,130,0,42,E8,E25,E21,E17,False,False,False,False,279,238,0.0021037624377119,-0.6930434996059044,193.26854465307045,0.000663297029633,0.9419737027131126,6000,0.99523295726446,758,0.0030453073061191,5.460678208116545,0.0031748487187913,25.0,0.0030972699446439,0.0020162591545708,-25008.0,0.0017408795006831,2,203.066005,9.225953334635052e-11,9.225953334635052e-11,0,2,1.0000000000000002,0.0020550000000708,1400,158,42.06900670105033,201.29571474356905,169.76790072104055,11.212407142857142
NDARAT709MMX,R8,ThePresent,available,1407,500.0,60.02345903990712,130,0,42,E8,E25,E21,E17,False,False,False,False,126,247,0.0027766956288277,20.70839795408405,262.90033750569216,-8.712811203873339e-05,0.9573065624954178,6000,0.9955909638076658,1030,0.0030272504798592,9.043172858740796,0.0031718050665006,29.0,0.0039357161237725,0.0008761408330779,6041.0,0.0014243867655043,2,203.063994,3.1308289294429414e-11,3.1308289294429414e-11,0,2,1.0,-0.0070260000000337,867,254,23.213100466246523,341.5665907135663,204.51295870926265,2.085767012687428
NDARRP163YRC,R2,ThePresent,available,50,500.0,119.8181977816781,130,0,34,E8,E25,E21,E17,False,False,False,False,0,243,0.0027027948624067,0.8873459124378541,197.5179487118529,6.223521263736112e-05,0.9563956998148976,6000,0.9969126880204308,775,0.0031518002291287,13.805173785628448,0.0031529929932295,-2.0,0.0033216726736979,0.0007917181806461,-11604.0,0.0008877418127419,2,203.066002,1.909583602355269e-11,1.909583602355269e-11,0,2,1.0,0.0025429999999903,1211,13,15.529106938215133,325.1634526741045,111.65030706163128,1.2805367464905038
NDARZT957CWG,R4,ThePresent,available,233,500.0,119.7118669331605,130,0,34,E8,E25,E21,E17,False,False,False,False,0,229,0.0032471819179319,64.74019464848422,217.95572990847825,-0.0004582608569917,0.9208905322315852,6000,0.9959316601263722,854,0.0028330610028221,8.93839693310388,0.0030725546796971,45.0,0.0038950551411376,0.0009213306119203,-12665.0,0.001349373083199,2,203.068006,3.9301895071730535e-11,3.9301895071730535e-11,2,2,1.0000000000000002,0.0001870000000209,980,79,280.4974744620786,99.11008337160943,148.87216187772,40.51229591836734
NDARGR358FGC,R4,ThePresent,available,126,500.0,119.57259527395088,130,0,34,E8,E25,E21,E17,False,False,False,False,0,233,0.0035178748507189,25.585094850116405,196.60828653838183,-0.0007248098366273,0.924051056461952,6000,0.9976892985136018,770,0.0030187534510824,6.153381763477368,0.0030691895679684,18.0,0.0039132985155633,0.0007951023208557,-22641.0,0.0013738792187782,2,203.069997,4.7961634663806756e-11,4.7961634663806756e-11,2,2,1.0,-0.0006100000000389,1285,27,23.011074019718595,294.22073481606583,185.68074911463552,2.398249027237354
NDARXP456PGL,R11,ThePresent,available,637,500.0,60.01868285847734,130,0,42,E8,E25,E21,E17,False,False,False,False,330,224,0.002680892337341,30.32608080788004,282.6234499987716,-0.000211441991698,0.9174480863731402,6000,0.9938467010408712,1108,0.0028307267066459,3.973448575268897,0.0030069329719367,29.0,0.0035945472616064,0.0015670191733531,-6695.0,0.0019451589861849,2,203.064008,4.918287999089444e-11,4.918287999089444e-11,0,0,1.0,0.0080389999999587,475,85,421.4599873411365,82.87927876812553,242.05395288394055,66.07890526315789
NDARAD571FLB,R8,ThePresent,available,59,500.0,60.02338620797348,130,0,42,E8,E25,E21,E17,False,False,False,False,138,243,0.0021011278573759,14.4872354183963,465.5415532877058,0.000466137381921,0.9759987386801162,6000,0.9953257853914692,1824,0.0029150497249973,7.764715044096353,0.0029744777017233,28.0,0.0028158439768973,0.0017140903239631,-14359.0,0.001418636068614,2,203.066003,5.184741524999481e-11,5.184741524999481e-11,0,2,1.0,-0.0061770000000469,871,14,21.940906261644717,435.6768326363666,124.95038471893209,1.2199770378874857
NDARNV375KEK,R7,ThePresent,available,630,500.0,60.00698455392014,130,0,42,E8,E25,E21,E17,False,False,False,False,2387,233,0.0024434595290723,-2.8203148968600043,407.9444261972597,-0.0002613166872888,0.9003044674471243,6000,0.9832687498116052,1599,0.0027404786103586,6.864057125390361,0.0028188020191882,21.0,0.0036143534738248,0.0015325176505178,48093.0,0.0015220727827336,2,203.073998,7.827072323607354e-11,7.827072323607354e-11,2,2,0.9999999999999996,0.0002689999999577,985,103,23.20660232260605,349.6076641508702,201.3789061779396,1.5528426395939086
NDARLZ701LJ3,R5,ThePresent,available,81,500.0,119.82270374173504,130,0,34,E8,E25,E21,E17,False,False,False,False,0,235,0.0025272075832009,22.77828436417976,146.88251945646493,-0.0001580383211392,0.9218362362215876,6000,0.9930239148420208,576,0.0026914311848318,11.836785815195556,0.0028041206561621,18.0,0.0033707881405082,0.0006034679961529,14938.0,0.0011147870167653,2,203.067995,1.1857181902996672e-10,1.1857181902996672e-10,0,2,0.9999999999999998,0.0025309999999052,1209,27,14.80512869514531,322.44788992128633,109.67336113239942,1.4546815550041357
NDARFX455JFY,R6,ThePresent,available,177,500.0,59.98453631800776,130,0,42,E8,E25,E21,E17,False,False,False,False,123,226,0.0016529595158087,177.2833429613603,460.9922006698759,0.0008661816090038,0.9057237070355711,6000,0.994845454021091,1807,0.002610087024693,3.2911622606578232,0.002759678432153,74.0,0.0019648870379207,0.0023417704986263,14119.0,0.0013205482200855,2,203.063995,7.671641100159832e-11,7.671641100159832e-11,0,2,1.0,-0.0069820000000682,1135,16,24.6892248298228,324.33895315082145,439.251065097186,1.572704845814978
NDARVM326HYM,R11,ThePresent,available,354,500.0,60.01877595798729,130,0,42,E8,E25,E21,E17,False,False,False,False,680,226,0.0018491683373705,31.74793330343968,353.1695921441718,0.000298419132947,0.908612484950682,6000,0.9902074962457996,1384,0.002581684513513,8.877892135900577,0.0027442262597248,34.0,0.0027807693878847,0.0010396519117563,-22477.0,0.0009128565823361,2,203.065993,4.2077452633293426e-11,4.2077452633293426e-11,0,2,0.9999999999999996,-0.0062289999999439,856,59,317.91860003380987,86.2785945535232,180.44338277474745,44.63747663551402
NDARCN681CXW,R8,ThePresent,available,209,500.0,60.01870720505629,130,0,42,E8,E25,E21,E17,False,False,False,False,336,242,0.001918671184836,-17.41025835708517,298.839570540731,0.0003578458907352,0.9060926220272032,6000,0.9919671352509638,1172,0.0025932657398048,10.165167250065554,0.0027233038680393,36.0,0.0028248326552472,0.0009982101977757,-45853.0,0.0010583894363818,2,203.064005,6.439293542825908e-12,6.439293542825908e-12,0,2,1.0,-0.0049860000000128,1140,14,22.65122454725373,330.3065448083548,210.62565981264356,1.1877456140350875
NDARKG594WKT,R4,ThePresent,available,166,500.0,119.30774470634393,130,0,34,E8,E25,E21,E17,False,False,False,False,0,234,0.0033867261567156,-34.290084441512235,285.4274300912386,-0.0008194988781498,0.9778779606638424,6000,0.9984901764899436,1119,0.0026901790840633,6.712304890137709,0.0026966172139911,-11.0,0.0039440949766063,0.0011561461019576,-38055.0,0.0019413940827788,2,203.068001,1.1235457009206583e-10,1.1235457009206583e-10,2,2,1.0000000000000002,-0.000498999999919,1751,32,21.30142445841917,209.2791559687356,375.0848688442009,2.4443460879497425
NDARXT222XYH,R4,ThePresent,available,139,500.0,60.02333289427869,130,0,42,E8,E25,E21,E17,False,False,False,False,186,245,0.0023352030395134,39.98193687008767,224.67924177951545,-0.000199178865561,0.9248518023786308,6000,0.9888472568635764,881,0.0024770818375389,11.787493723056553,0.0026740032375889,28.0,0.0031098652178793,0.0006806702355395,-18271.0,0.0010948070006939,2,203.066006,1.7319479184152442e-11,1.7319479184152442e-11,2,2,1.0,-0.0006090000000061,1770,35,74.0125220760863,142.80286095211363,138.04290423375042,11.615830508474575
NDARUB690GWK,R10,ThePresent,available,78,500.0,60.02343267356122,130,0,42,E8,E25,E21,E17,False,False,False,False,171,229,0.0021128490295354,46.89422926378853,402.7094065262029,-2.6324099611162788e-05,0.9398701720615622,6000,0.9858098598744072,1579,0.0025494490196735,9.822334207387158,0.0026725303411157,28.0,0.0031245053867325,0.0010033874536642,37749.0,0.0014438860487588,2,203.066,2.4202861936828413e-11,2.4202861936828413e-11,0,2,1.0,-0.00495600000002,994,15,24.38796851583079,381.96764471609504,159.93853328981177,1.2333299798792754
NDARND604TNB,R8,ThePresent,available,547,500.0,60.01853055833416,130,0,42,E8,E25,E21,E17,False,False,False,False,175,231,0.0024016098742182,39.51982176220183,195.3859895134757,-0.0002444699974617,0.9186884997996676,6000,0.9888818419252694,766,0.0024541208107463,6.078091700101408,0.002658299706732,30.0,0.0037249331928309,0.0014816349080754,42735.0,0.002331205034261,2,203.075998,5.6954441163270524e-11,5.6954441163270524e-11,0,2,1.0000000000000002,0.0044230000000283,811,113,24.343665263729964,415.30092414740926,165.8658521741092,1.9571639950678172
NDARLH979WFX,R1,ThePresent,available,221,500.0,119.68092689232064,130,0,34,E8,E25,E21,E17,False,False,False,False,0,243,0.0019605734009663,78.66471784262431,136.91229945573895,0.0005998333773729,0.937241763630298,6000,0.9994864927695458,537,0.0022320234298919,7.559007615311641,0.0026188590824105,87.0,0.0032915715653047,0.0011992825006576,-41286.0,0.0017423198556645,2,203.069993,7.327471962526033e-11,7.327471962526033e-11,2,2,1.0000000000000004,0.0005159999998796,1271,39,16.546760045229433,307.4104154203432,156.09174967775877,1.754642014162077
NDARUD776KFT,R5,ThePresent,available,125,500.0,60.02336616634541,130,0,42,E8,E25,E21,E17,False,False,False,False,143,238,0.0018386090662593,75.07020006562149,434.2425336247219,0.0003951871777348,0.9630807867387216,6000,0.9960513268878074,1703,0.0024676128527098,7.704587607625043,0.0025430253623117,31.0,0.0027831626287309,0.0016763593582893,23068.0,0.0018777814266088,2,203.071996,1.7319479184152442e-11,1.7319479184152442e-11,2,2,1.0,0.0005569999999938,1294,16,26.805395741456984,284.231935175895,261.37079975515485,1.25854714064915
NDARRB942UWU,R2,ThePresent,available,1226,500.0,119.36780406560295,130,0,34,E8,E25,E21,E17,False,False,False,False,0,241,0.0029300188867767,112.53058498676374,175.69019906264597,-0.0003531655185811,0.9324900663119552,6000,0.998818800316428,688,0.0021525930204608,8.314481062340604,0.0025301323341989,126.0,0.0032676814856229,0.0006794705640362,-9726.0,0.0011338007938608,2,203.067995,3.019806626980426e-11,3.019806626980426e-11,2,2,0.9999999999999998,0.0003389999999974,2114,199,58.40755625588201,125.62033787059296,189.45223685190317,5.724834437086092
NDARYE221LZB,R5,ThePresent,available,485,500.0,119.26270673033768,130,0,32,E8,E25,E21,E17,False,False,False,False,0,235,0.0020582017248035,11.697239576912995,233.1529125125052,0.0003942044598123,0.9338927358086092,6000,0.9993324742175572,914,0.0025242402628814,6.650453852899937,0.0025265594947444,7.0,0.0024608927601136,0.0011116106702428,-18331.0,0.000929032954128,2,203.068004,7.949196856316121e-11,7.949196856316121e-11,2,2,1.0,0.0008370000000733,1006,94,17.35122441081442,389.2094958506049,171.7062291881444,2.357425447316103
NDAREC648WEL,R4,ThePresent,available,245,500.0,60.02326712726413,130,0,42,E8,E25,E21,E17,False,False,False,False,114,237,0.0026695366846023,32.36159907775757,179.97087502223897,-0.000669060719047,0.9824427845545776,6000,0.986661714714864,706,0.0022702293524445,11.158214102752382,0.0025074749480532,29.0,0.0033111249647095,0.0003713615674967,11290.0,0.0010930666264574,2,203.071994,1.1657341758564144e-10,1.1657341758564144e-10,0,2,0.9999999999999998,-0.0026870000000905,1777,54,32.49485443083746,192.09777933839155,157.95397882717523,2.130776589758019
NDARZE963MEU,R4,ThePresent,available,421,500.0,119.1005890806092,130,0,34,E8,E25,E21,E17,False,False,False,False,0,231,0.0023938347240188,84.54096861599128,215.007523722165,5.28879625426542e-06,0.9010598699776174,6000,0.998080602430742,842,0.002023327129187,12.192366387321004,0.0024983418973595,125.0,0.0028708266466782,0.0008695288554262,-32170.0,0.0010576046584084,2,203.070004,7.860379014346107e-11,7.860379014346107e-11,2,2,1.0,0.0018460000000726,1311,78,22.806486761300288,283.07352087052226,230.1611448354091,2.84511060259344
NDARUL945XUU,R2,ThePresent,available,338,500.0,119.13695127756078,130,0,34,E8,E25,E21,E17,False,False,False,False,0,248,0.0016792925162653,-29.122188017899703,608.0438642957613,0.0006737972679875,0.9468879093059096,6000,0.995161658913621,2383,0.0024489347906014,7.764312319675808,0.0024728971214727,-57.0,0.002845492439985,0.0017769840296268,709.0,2.082387530006626e-05,2,203.080005,7.860379014346107e-11,7.860379014346107e-11,2,2,1.0,-6.599999992849287e-05,1416,19,14.798268091818564,270.80839781959907,614.9630618311005,1.3319985875706213
NDARJF579EH9,R4,ThePresent,available,323,500.0,119.88582671196929,130,0,34,E8,E25,E21,E17,False,False,False,False,0,246,0.0018831896423971,6.593412290457676,312.0645145990259,7.577692181270049e-05,0.9320174206275844,6000,0.9945393739842714,1224,0.0024004791365726,12.345754106805243,0.0024012097532594,2.0,0.0025741784308308,0.0005342965082177,-14336.0,0.0006435493997205,2,203.070005,4.884981308350689e-11,4.884981308350689e-11,2,2,1.0000000000000002,0.0004769999999298,1848,43,22.834073080859756,199.630920373146,178.46106418026872,1.6371103896103896
NDARKT540ZW0,R8,ThePresent,available,82,500.0,60.02343304680548,130,0,42,E8,E25,E21,E17,False,False,False,False,519,242,0.0018277917660002,21.16483761085426,258.19964525443424,8.938465196622455e-05,0.9728467362479788,6000,0.9924814297237392,1012,0.0022008512050487,7.774503581845332,0.0023669228922499,33.0,0.0023738705371556,0.0009555795480865,-37431.0,0.0008090961006101,2,203.062001,6.09512440519211e-11,6.09512440519211e-11,0,2,0.9999999999999996,-0.0069420000000362,911,16,23.13415688744632,413.8531652920501,152.02398851424078,1.537497255762898
NDARKA946MJ1,R5,ThePresent,available,14,500.0,60.02333047684484,130,0,42,E8,E25,E21,E17,False,False,False,False,212,235,0.0011936673227333,78.48593659909724,355.7590336595318,0.0008134615539479,0.9486618428626044,6000,0.9970428703701752,1394,0.0022377311772762,12.35215311387625,0.002316337334468,29.0,0.0021725081090473,0.0014153785685985,2376.0,0.0003945760512923,2,203.084007,2.7755575615628918e-12,2.7755575615628918e-12,0,2,1.0,0.0027910000000055,1027,4,24.285522585525907,370.3670552532429,179.09995846864018,1.2513437195715675
NDARRR595LRJ,R8,ThePresent,available,111,500.0,60.023383360877055,130,0,42,E8,E25,E21,E17,False,False,False,False,237,232,0.002485108270878,45.73652255900398,270.15170316263624,-0.0006550510032193,0.9576056011835188,6000,0.989850997476894,1059,0.0021628017598313,9.173809817185926,0.0022968379807923,26.0,0.0031842056972195,0.0003097988736316,19517.0,0.0011780168570544,2,203.073999,1.6286971771251046e-10,1.6286971771251046e-10,0,2,1.0000000000000009,0.0067710000000976,1093,23,24.63232332409087,342.96237527164834,162.2459613948358,1.535205855443733
NDARCR743RHQ,R7,ThePresent,available,547,500.0,118.18051973417568,130,0,34,E8,E25,E21,E17,False,False,False,False,0,236,0.0016640789561577,-38.30767456247999,310.30197807402186,0.0003039325713382,0.9034227399635156,6000,0.9918105556525182,1216,0.0020795328997791,5.590172758478138,0.0022647614716815,-75.0,0.002027720129822,0.001118302627341,17716.0,0.0008527974960153,2,203.069993,3.241851231905457e-11,3.241851231905457e-11,2,2,1.0000000000000002,7.799999999125644e-05,1672,156,23.211120186447893,204.89012606380595,245.43370875397392,3.687362440191387
NDARHE899FJV,R5,ThePresent,available,460,500.0,119.65465873559236,130,0,34,E8,E25,E21,E17,False,False,False,False,0,225,0.0026226983310394,-0.3282680322445754,343.7046883565426,-0.0006051180858632,0.949025879081729,6000,0.99571919777244,1347,0.0021052547143247,7.318500879393229,0.0022333144838162,64.0,0.0034413082842947,0.0003077410022857,-12698.0,0.0013966546725518,2,203.070004,4.1744385725905886e-11,4.1744385725905886e-11,2,2,1.0,-0.0002750000000257,1261,77,25.65532903486072,295.34022823625287,189.2598640810617,2.857470261697066
NDARPP726XBF,R5,ThePresent,available,255,500.0,60.02329287416556,130,0,42,E8,E25,E21,E17,False,False,False,False,136,235,0.0022490965767109,-1.675068727313214,220.8835089633401,-0.0002626502254791,0.9594860839595925,6000,0.997243679042554,866,0.0021641227083435,8.852505245708716,0.0022330159993326,23.0,0.0027138677117026,0.0007287836822043,19061.0,0.001081150562788,2,203.064001,2.1649348980190556e-11,2.1649348980190556e-11,0,2,1.0,0.0064129999999852,1882,48,60.07199688701543,143.64903353864403,184.30132569311232,7.041679064824655
NDARKW511VE6,R11,ThePresent,available,228,500.0,60.01400411348983,130,0,42,E8,E25,E21,E17,False,False,False,False,511,226,0.0021049369868515,-2.891695825552296,364.0789160201783,-0.000216042650098,0.9632339567891856,6000,0.9950615761702374,1427,0.0021221566360545,6.068524019663274,0.0022192394864274,36.0,0.0025831664755867,0.0008644546436637,40090.0,0.0007998576275996,2,203.066,5.6066262743570405e-11,5.6066262743570405e-11,0,2,1.0,-0.0071200000000553,1647,26,63.801933845303154,159.38629989774364,343.46769305515744,7.104383727990285
NDARCC059WTH,R8,ThePresent,available,88,500.0,60.02334941824967,130,0,42,E8,E25,E21,E17,False,False,False,False,275,227,0.0019759129250006,42.002663814195145,245.61307168673272,-0.0001449815025053,0.9244454036747762,6000,0.9908246349942812,963,0.0021191545832248,15.63818959889005,0.0022182521524105,27.0,0.0026415696595797,0.0004217479977507,32278.0,0.0007388906537648,2,203.073993,5.218048215738236e-11,5.218048215738236e-11,2,2,0.9999999999999996,-0.0006869999999237,696,15,25.852666868319933,544.6850585136194,121.06529657671156,1.5700287356321838
NDARXR123PFR,R4,ThePresent,available,173,500.0,119.82811770371896,130,0,34,E8,E25,E21,E17,False,False,False,False,0,247,0.0020682031395889,33.94475603547542,353.55754024039214,-0.0001976660684468,0.9117321689684564,6000,0.9941916878466778,1386,0.0021364879612171,13.523865604386604,0.0021905707762666,29.0,0.0026679803927455,0.0005382452451154,5567.0,0.0007477053089566,2,203.070002,2.886579864025407e-11,2.886579864025407e-11,2,2,1.0,0.0003530000000293,1614,25,15.402963095997364,239.47255572761213,217.2260333264431,1.2132713754646842
NDARDZ627XFA,R4,ThePresent,available,190,500.0,60.02335510726326,130,0,42,E8,E25,E21,E17,False,False,False,False,486,231,0.0007280301231485,105.28475093209951,441.9318919735247,0.0011018873848361,0.9808215574783626,6000,0.9910647900820544,1732,0.0021237656227507,5.5822213212688965,0.0021749383531767,53.0,0.0022494152427647,0.0017884654740102,-29660.0,0.0017565524317952,2,203.063993,6.428191312579655e-11,6.428191312579655e-11,0,2,1.0000000000000002,-0.003788999999957,500,32,20.32544685073777,734.0522510619734,147.34304103767832,1.25862
NDARLA226ADX,R8,ThePresent,available,41,500.0,60.02318313117885,130,0,42,E8,E25,E21,E17,False,False,False,False,232,222,0.0030542355751412,20.880029789220693,169.22725944571732,-0.0012177471857912,0.986918508658924,6000,0.9936971580065376,663,0.0019632914919159,7.156424645919293,0.0021520358748488,27.0,0.0037149391661823,0.000232181297508,39827.0,0.0017521696025683,2,203.072006,2.1094237467877974e-12,2.1094237467877974e-12,2,2,1.0,0.0017869999999959,1185,10,26.34678672468788,315.7019377145489,146.60463360626667,1.6793333333333331
NDARHL164JHH,R4,ThePresent,available,64,500.0,60.02317279289376,130,0,42,E8,E25,E21,E17,False,False,False,False,194,243,0.0018537372113856,9.051221804196189,373.5613197324458,-7.718522902087014e-05,0.9143754519382842,6000,0.9934681570468048,1465,0.002067602499725,7.660885824949389,0.0021359235071444,26.0,0.0022936265295131,0.0006592875235183,-22266.0,0.0006138350431166,2,203.063993,4.485301019485632e-11,4.485301019485632e-11,0,2,1.0000000000000002,0.0046410000000324,724,14,20.527389424957057,534.6481560456256,160.64738645626718,0.7890469613259669
NDARKX665ZD3,R5,ThePresent,available,92,500.0,60.02337090078894,130,0,42,E8,E25,E21,E17,False,False,False,False,135,237,0.0015948590566572,38.25805877069102,220.8224611270537,0.0002111365603145,0.9251183145322548,6000,0.995806801220763,866,0.0020062098708155,9.603732747377192,0.0021149315477673,27.0,0.0020799797557091,0.0007584561932148,-22535.0,0.0006284691376292,2,203.061995,7.172040739078511e-11,7.172040739078511e-11,0,2,1.0000000000000009,0.0033490000000007,1324,16,24.374263919089085,279.7953867843918,199.91875387531996,1.251737160120846
NDARMT939UCK,R7,ThePresent,available,776,500.0,119.6642356093962,130,0,34,E8,E25,E21,E17,False,False,False,False,0,230,0.0028468449667116,89.59050708328091,176.58171975091267,-0.0008922011285495,0.959981955161393,6000,0.9914072173290944,692,0.0018139611284294,6.353232295753052,0.0021059591535698,56.0,0.0035973910905791,0.000350751592146,-20331.0,0.0014402536539101,2,203.070007,5.506706202140776e-11,5.506706202140776e-11,2,2,1.0000000000000002,0.0011730000000232,1193,123,14.34983315309273,327.3129157008962,178.96599277389535,2.312942162615256
NDARMF116AFR,R2,ThePresent,available,130,500.0,119.66154400491712,130,0,34,E8,E25,E21,E17,False,False,False,False,0,236,0.0019279602428991,-56.55995999550724,291.18122967348035,-0.0001480297865541,0.9768490042509363,6000,0.9944850787648886,1142,0.0018458333559119,9.769436749824411,0.0020337388714725,-71.0,0.002491986299473,0.0005477961854191,-14294.0,0.0008749460464727,2,203.067997,5.2846615972157445e-11,5.2846615972157445e-11,2,2,0.9999999999999998,-0.0006290000000199,1031,20,16.235481616405558,381.7153066605389,192.15120777205053,1.5156450048496604
NDARPB293EPC,R5,ThePresent,available,2843,500.0,59.985023456172925,130,0,42,E8,E25,E21,E17,False,False,False,False,262,251,0.0019468315466311,22.74441059512811,157.34890971117875,-0.000100882280894,0.9177462655799208,6000,0.9963985361801562,617,0.0019664120330067,9.91241599518036,0.0020067189107288,22.0,0.002542494840508,0.0007101410220738,12915.0,0.0010289864689686,2,203.074007,9.71445146547012e-11,9.71445146547012e-11,2,2,1.0000000000000002,-0.0013549999999196,1043,326,36.82008794464087,235.3453299658773,317.24731187976755,5.091255992329818
NDARPK300HMV,R4,ThePresent,available,33,500.0,119.8570220225616,130,0,34,E8,E25,E21,E17,False,False,False,False,0,251,0.0015821398739864,2.9653291624171514,212.87913104725973,0.0002451081487466,0.9927109802276652,6000,0.999252622689269,835,0.0019578023606363,9.290671392280728,0.0019582639403425,2.0,0.0023086211974402,0.0006074497389249,-29255.0,0.0008542931165087,2,203.078004,2.3980817331903378e-11,2.3980817331903378e-11,2,2,1.0,-0.0004279999999806,978,12,15.00877522672068,411.6044550527637,223.1303093582293,1.3267382413087936
NDARME724FJE,R7,ThePresent,available,56,500.0,60.02338919701034,130,0,42,E8,E25,E21,E17,False,False,False,False,277,241,0.0009754238279697,14.93853461342615,357.0316420804477,0.0006789961214159,0.9238315942618942,6000,0.9955186315572088,1399,0.0019145681835539,6.123214948946488,0.001953427500202,24.0,0.0016768835683751,0.0011973941404151,16452.0,0.0008834657594117,2,203.073996,5.6621374255882975e-12,5.6621374255882975e-12,0,2,1.0,0.0030239999999885,1081,11,22.809470307612628,348.93127826742614,140.85115180111634,0.9814061054579094
NDARKF442GZ5,R4,ThePresent,available,398,500.0,119.31962173815312,130,0,34,E8,E25,E21,E17,False,False,False,False,1,233,0.0013278718667911,37.30062842229652,266.8010715300057,0.0003786727413333,0.9889747641507248,6000,0.9978575541564229,1046,0.0017942727305356,12.515541686945951,0.0018643925660735,42.0,0.0017286837731265,0.0009751852188529,-20695.0,0.0007599328382557,2,203.070007,5.2846615972157445e-11,5.2846615972157445e-11,2,2,1.0,-0.0017459999999512,1274,62,16.346613050532863,304.43966791799016,152.9737587928643,2.4897802197802195
NDARBR128UFP,R4,ThePresent,available,208,500.0,60.02332659258037,130,0,42,E8,E25,E21,E17,False,False,False,False,122,235,0.001264053252604,-6.584270848679785,420.6575591177078,0.000211853202754,0.931330455888928,6000,0.9883068013812218,1649,0.0017708072417428,11.085380928800197,0.0018543886515458,32.0,0.001755595018475,0.0008221997362487,-14396.0,0.0007147852828391,2,203.074002,2.620126338115369e-11,2.620126338115369e-11,0,2,1.0000000000000002,-0.0045820000000527,1183,58,24.75867468624429,310.45878117589456,120.93174546154368,1.8012172442941674
NDARAD615WLJ,R4,ThePresent,available,412,500.0,60.02330522392506,130,0,42,E8,E25,E21,E17,False,False,False,False,164,287,0.0013184346667624,-55.12390156762261,375.9701647269479,0.000127851459008,0.9399864310816464,6000,0.983450711240354,1474,0.0017462334080689,14.627919460190286,0.0018517292238374,36.0,0.0020159928653602,0.0007282639511993,-704.0,6.674313955741962e-07,2,203.072006,9.037215420448773e-11,9.037215420448773e-11,0,0,1.0000000000000002,0.0080710000000667,1111,119,29.185410292218144,315.2806320634461,130.7101131890972,3.58968496849685
NDARWA622HHZ,R1,ThePresent,available,430,500.0,119.05683278271457,130,0,34,E8,E25,E21,E17,False,False,False,False,0,246,0.002244306107385,-39.58444956899962,329.03841064175634,-0.000416584514788,0.9593951596961524,6000,0.9932308653766752,1290,0.0018289572978727,5.116541990099034,0.001835705356444,20.0,0.002685265409367,0.001828325054226,-36.0,2.2763020675576565e-06,2,203.06800600000005,2.664535259100376e-11,2.664535259100376e-11,2,2,1.0000000000000002,0.0002359999999455,1839,115,43.13543460723797,167.66144412144436,178.21566188204028,5.052050027188689
NDARYD666FL0,R7,ThePresent,available,100,500.0,60.01856204999404,130,0,42,E8,E25,E21,E17,False,False,False,False,190,222,0.0019106689310591,20.82938993013867,252.46801854667763,-0.0004392524335939,0.983155955564399,6000,0.9934802936019153,990,0.0016474771274755,9.326866300956434,0.0017533153812642,31.0,0.0022544647204449,0.0004355772122328,31096.0,0.0011230574244408,2,203.074006,6.161737786669619e-11,6.161737786669619e-11,0,2,1.0,-0.0046520000000664,1622,14,34.75903319776937,213.70036011311927,211.8274471890664,2.1949383477188658
NDARGA507DCC,R4,ThePresent,available,486,500.0,119.24804422944077,130,0,34,E8,E25,E21,E17,False,False,False,False,0,225,0.0019618427623175,6.561454670520734,312.96215777269464,-0.0003627636725844,0.915570023481201,6000,0.995085086405377,1226,0.0017500394210245,6.249282556145382,0.0017532284767687,-13.0,0.0022260803102007,0.000802333502845,-6944.0,0.0012560250145493,2,203.069999,3.552713678800501e-12,3.552713678800501e-12,2,2,1.0,0.0019159999999924,1325,53,14.502532643646944,286.4716267741167,296.1560923450978,1.5897584905660376
NDARKE604RXR,R4,ThePresent,available,224,500.0,60.02303470182814,130,0,42,E8,E25,E21,E17,False,False,False,False,131,230,0.0010846944093701,23.89925226695601,418.74723375363294,0.0003674880820781,0.975289054281962,6000,0.9930626003360014,1641,0.0017066311613791,14.316746143727569,0.0017423288782812,26.0,0.0016721243766592,0.0008354661944088,862.0,3.887488010440531e-05,2,203.064001,1.376676550535194e-11,1.376676550535194e-11,0,2,1.0,0.0037510000000279,1091,57,25.53205169948273,334.15581345008025,177.70876023202703,2.090925756186984
NDARLE417RA4,R5,ThePresent,available,496,500.0,60.01850979910338,130,0,42,E8,E25,E21,E17,False,False,False,False,191,236,0.0010655179852219,54.93071448853269,363.89988597467135,0.0002755217297821,0.95138720169348,6000,0.992285238365042,1427,0.0015928749779717,14.781456316120506,0.0016954960037527,32.0,0.0017311208402614,0.0006201030988053,5260.0,0.0005058660947835,2,203.062002,3.0531133177191805e-11,3.0531133177191805e-11,0,2,1.0,0.0043170000000327,1182,35,33.70216281845174,288.69694964332587,412.6829087957902,4.55844331641286
NDARNT043XGH,R4,ThePresent,available,136,500.0,60.01841031639844,130,0,42,E8,E25,E21,E17,False,False,False,False,171,231,0.0027089512149549,64.36507378866358,193.5723994992288,-0.0012361122193251,0.9613610845714756,6000,0.9915684080277468,759,0.0014905814050155,7.178353264474296,0.0016922162538254,34.0,0.0035286703721747,0.0001411313141811,-26209.0,0.0012711382107697,2,203.065996,3.1308289294429414e-11,3.1308289294429414e-11,0,2,1.0,-0.0042489999999654,1271,26,33.6489166183586,269.03091287243615,325.50842521292697,6.192029897718332
NDARRA933RLX,R4,ThePresent,available,598,500.0,60.02336243349852,130,0,42,E8,E25,E21,E17,False,False,False,False,150,229,0.0010708549048496,76.18505266162954,313.6997174357272,0.000255901954449,0.9475631719465508,6000,0.9867124998090278,1230,0.0016051590548263,11.405201384010828,0.0016906609828026,28.0,0.0017522359589323,0.000851999053924,14702.0,0.0008533056579083,2,203.072002,6.294964549624638e-11,6.294964549624638e-11,2,2,1.0000000000000009,-0.0011400000000131,1260,168,23.70821852095681,263.9588809502115,134.27476661382627,2.0495396825396828
NDARGK608LJ8,R4,ThePresent,available,329,500.0,60.02334613601207,130,0,42,E8,E25,E21,E17,False,False,False,False,176,239,0.0017710072730015,17.266163272956057,170.87407361793848,-0.0005135168141,0.938735164935398,6000,0.9818481609927844,670,0.0014357379792916,4.309889723190228,0.0016047347931864,30.0,0.0023866256301891,0.0005859896327266,6823.0,0.0009713723853516,2,203.071998,5.5622173533720336e-11,5.5622173533720336e-11,0,2,1.0000000000000002,-0.0028219999999744,1197,65,28.81143556203212,293.105440067918,236.8364264773576,2.2329657477025897
NDARVY564LFB,R7,ThePresent,available,1918,500.0,60.023415571626266,130,0,42,E8,E25,E21,E17,False,False,False,False,143,232,0.0012329481481303,-34.07986999263304,386.2514379697051,5.789859518569426e-06,0.9541490132768544,6000,0.9831796794757808,1514,0.0014851526213992,10.641792314199956,0.0015577155868677,33.0,0.001800787711266,0.0005950745974734,12981.0,0.0007861463916125,2,203.071998,8.459899447643693e-11,8.459899447643693e-11,0,2,1.0000000000000002,-0.0041839999999447,878,299,23.834250688442594,318.02309178834213,224.04960130423171,3.219328018223235
NDARJC463HCM,R8,ThePresent,available,229,500.0,60.02317043685409,130,0,42,E8,E25,E21,E17,False,False,False,False,129,232,0.0009189128901089,-16.81696895103305,180.4192821081656,0.0004814267134304,0.956672330914092,6000,0.998270317688502,707,0.0014746353102337,5.108682638042375,0.001517414440417,26.0,0.0017667313235016,0.0011973909004687,30895.0,0.0016520795269419,2,203.072,7.704947790898585e-11,7.704947790898585e-11,2,2,1.0000000000000004,-0.0003069999999601,732,48,23.74039037042147,494.93124844421385,161.74263074051134,1.1811065573770492
NDAREV342ABE,R5,ThePresent,available,118,500.0,119.34554876028822,130,0,34,E8,E25,E21,E17,False,False,False,False,0,228,0.0013463194508046,33.19689897935263,208.50474218565705,1.544269948191859e-05,0.913039944476814,6000,0.9976488458529272,817,0.0014885429238495,9.557036340938197,0.0014952746498814,8.0,0.001644950702411,0.0004965726082739,-5451.0,0.0005016439285685,2,203.070005,5.240252676230739e-11,5.240252676230739e-11,2,2,1.0000000000000002,0.0015009999999226,1865,29,14.416894268942402,199.1886376510357,432.6176282229798,0.9868203753351208
NDARLU111UYF,R4,ThePresent,available,607,500.0,60.02329778529621,130,0,42,E8,E25,E21,E17,False,False,False,False,177,239,0.0005716431024012,-59.20530270982191,374.6125058638029,0.0007591360242804,0.9774349887707212,6000,0.9988940834730142,1469,0.0014379507638359,3.4624754839211302,0.0014575655834249,22.0,0.0012430177765579,0.0013816296664185,-40060.0,0.0010360488484425,2,203.074,1.0913492332065287e-10,1.0913492332065287e-10,0,0,1.0000000000000002,0.0081599999998666,1014,130,25.05733693500392,341.7979674682192,199.15629821382083,2.5806706114398423
NDARAG584XLU,R4,ThePresent,available,441,500.0,119.40417520880078,130,0,34,E8,E25,E21,E17,False,False,False,False,0,228,0.0012244486067634,-44.3233501444913,528.6637913314776,5.562904832667189e-05,0.9289808063443764,6000,0.9870563966490784,2072,0.001406008588562,4.4385458191231,0.0014337758453155,46.0,0.0020997053689433,0.0013897289827044,4088.0,0.0013923673647475,2,203.063994,1.687538997430238e-10,1.687538997430238e-10,0,2,1.0000000000000002,0.0025150000001382,2120,87,44.151484799436886,140.3338465687516,198.38666902124987,3.80222641509434
NDARXF203DCD,R1,ThePresent,available,112,500.0,119.82725855803852,130,0,34,E8,E25,E21,E17,False,False,False,False,0,247,0.0020394805402706,16.00295699048902,142.04466440801176,-0.0007951012884143,0.9726511882587864,6000,0.9920129129267352,557,0.0014219660250237,6.051107202280193,0.001423789506336,3.0,0.0027157124077203,5.0069875002017725e-05,-11052.0,0.0009659987128143,2,203.063995,1.0169642905566434e-10,1.0169642905566434e-10,0,2,0.9999999999999996,0.0037279999999394,1159,30,21.16248817688717,335.49886127184465,118.47054084459864,2.1758584987057805
NDARPW915RGD,R4,ThePresent,available,215,500.0,60.01827139248502,130,0,42,E8,E25,E21,E17,False,False,False,False,175,237,0.0006325635862959,-46.03738534851514,350.44523163086603,0.0004420650800554,0.925857076500306,6000,0.9966901888976232,1373,0.0012135892650845,3.992875953378864,0.0012428735962077,28.0,0.0011933838762193,0.0011765908329406,-20546.0,0.0011170269478973,2,203.065993,3.991251773527438e-11,3.991251773527438e-11,0,0,1.0,-0.0083449999999484,1324,24,32.59129358966205,266.9431844983301,188.11075997013415,2.3308232628398797
NDARKM784VA7,R4,ThePresent,available,863,500.0,60.02308601087926,130,0,42,E8,E25,E21,E17,False,False,False,False,147,243,0.0008515994303279,47.28418266340738,258.5938088024778,0.0001987343890581,0.9641199339357572,6000,0.9947758859863662,1014,0.0012028591158799,7.479757553594502,0.0012410381147734,25.0,0.001346158238217,0.0005527878597116,22014.0,0.0009229061977523,2,203.063998,5.967448757360215e-11,5.967448757360215e-11,0,2,1.0,-0.0036620000000623,1182,167,31.334938513292386,269.57245672802264,196.5287718221496,2.975617597292724
NDARTC710UM1,R6,ThePresent,available,144,500.0,60.02333923335108,130,0,42,E8,E25,E21,E17,False,False,False,False,135,239,0.0009324279571292,68.65912840798656,357.9529109999663,7.55228842402924e-05,0.9524694479603784,6000,0.994591616713995,1403,0.0011725282948331,3.348491606661915,0.0012181970159417,25.0,0.0014702038416921,0.000963887009955,29488.0,0.0019919035770893,2,203.063994,6.983302824892235e-11,6.983302824892235e-11,0,2,0.9999999999999996,0.004733999999946,1405,40,32.02849724229453,242.44939832079504,149.10141352827412,3.2725195729537364
NDARXL023NG9,R4,ThePresent,available,91,500.0,60.02328543712418,130,0,42,E8,E25,E21,E17,False,False,False,False,159,232,0.0009754083772613,-14.606221089591523,462.15269317315415,-7.16528728148281e-05,0.9236218887392016,6000,0.982870053794072,1812,0.0011154384550414,5.268003844299036,0.0011658777722316,29.0,0.0014652351805974,0.0009177755595192,-22373.0,0.0012036757934766,2,203.061994,1.1113332476497816e-10,1.1113332476497816e-10,2,2,1.0000000000000002,0.0001910000000799,968,14,24.04439764209556,391.0169599443993,218.9641964537316,1.2621694214876034
NDARUX885LMW,R5,ThePresent,available,77,500.0,60.02338251736035,130,0,42,E8,E25,E21,E17,False,False,False,False,149,228,0.0007044533784508,71.57940350888542,414.1485391665541,0.0002200485105264,0.9471557101540288,6000,0.9946477483236296,1624,0.0010349578473439,6.335474985693747,0.0010720608441578,31.0,0.000990196257418,0.0006874255021392,20263.0,0.0008545599860914,2,203.074001,3.9190872769268026e-11,3.9190872769268026e-11,2,2,1.0,0.0005380000000213,950,16,24.095971599163263,398.69659892675935,202.00722990398415,1.1870105263157895
NDARCD543VK6,R2,ThePresent,available,155,500.0,119.52645143840913,130,0,34,E8,E25,E21,E17,False,False,False,False,0,249,0.0021952459458857,145.85558016565122,190.62863478885683,-0.001200036869317,0.9576897185431716,6000,0.9964831212866352,747,0.0003810384751687,1.3767563367038909,0.0010681228042014,149.0,0.0024377130604154,0.0005848634050911,6772.0,0.0012971647796087,2,203.07,1.8207657603852567e-11,1.8207657603852567e-11,2,2,1.0,-8.500000000828013e-05,1131,32,16.152018651901543,347.58614287338673,270.33872607221826,1.7063837312113177
NDARLE412VD5,R8,ThePresent,available,243,500.0,60.023402073189175,130,0,42,E8,E25,E21,E17,False,False,False,False,160,219,0.0006394362594717,74.7246218102032,352.894936470743,0.0001861973472907,0.957251632761062,6000,0.9916043954859796,1383,0.0009944663195843,4.996435058571064,0.0010346479968317,27.0,0.0011440561672092,0.0006287090611259,4281.0,0.0004681782315747,2,203.074006,3.785860513971784e-11,3.785860513971784e-11,0,2,1.0,0.0024629999999811,936,52,23.44286278292612,383.1556499404971,173.65322451637826,1.663344017094017
NDARDX857DLB,R4,ThePresent,available,2196,500.0,60.023294622322005,130,0,42,E8,E25,E21,E17,False,False,False,False,254,254,0.0006390106588164,-43.59066568819038,363.2806757559472,0.000291819280596,0.9327332829461854,6000,0.9962989004212202,1424,0.0009794512672939,4.637929408250994,0.0010115607067185,37.0,0.0010270536451879,0.0006818381226716,-23528.0,0.0006429085124833,2,203.074,1.1390888232654105e-10,1.1390888232654105e-10,0,2,1.0000000000000002,-0.0043210000001428,1177,287,41.89752112457171,214.99116554712745,259.6561875790293,8.059490229396772
NDARAX283MAK,R4,ThePresent,available,103,500.0,60.02327265980856,130,0,42,E8,E25,E21,E17,False,False,False,False,199,213,0.0014406469412237,33.51323734581612,141.03459986298026,-0.0005354141109977,0.9539796551716055,6000,0.9946187166683984,552,0.0009086519963798,3.300262815024241,0.0010021701127302,26.0,0.0015707811905939,0.0001497935074892,22677.0,0.0004890891859258,2,203.065996,3.0087043967341736e-11,3.0087043967341736e-11,2,2,1.0000000000000002,0.0017570000000031,1399,33,24.985699803474837,259.8694715164457,117.63038623569751,1.3160829163688348
NDARJG494YDY,R7,ThePresent,available,117,500.0,60.02333797630985,130,0,42,E8,E25,E21,E17,False,False,False,False,145,230,0.0007595676220726,128.83508547816896,396.30503599734334,3.70023896165437e-05,0.915276549478545,6000,0.986460896942934,1553,0.0009386354564897,7.824881660419478,0.0009820801214094,33.0,0.0011679639919794,0.0004320574396249,46323.0,0.0006228613234593,2,203.074,8.704148513061226e-11,8.704148513061226e-11,0,2,1.0000000000000002,-0.0052480000001174,873,26,22.55694785437441,427.17417418537786,156.98843838054336,1.0966895761741122
NDARKB290YNY,R4,ThePresent,available,251,500.0,60.01837524602469,130,0,42,E8,E25,E21,E17,False,False,False,False,547,232,0.0004795020590945,-131.80315170396736,450.7608385179421,0.0004064436745343,0.9821996524045856,6000,0.9948636534750772,1767,0.0009506327589007,5.670334788365585,0.0009581612130497,29.0,0.0007755993501981,0.0007681264159374,-14880.0,0.0004613010854722,2,203.063999,1.212363542890671e-10,1.212363542890671e-10,0,2,1.0000000000000002,-0.0043489999998997,1895,19,81.17482825052485,124.90526537239782,425.2031003745039,5.808955145118733
NDARAK738BGC,R5,ThePresent,available,3806,500.0,60.01376579315654,130,0,42,E8,E25,E21,E17,False,False,False,False,194,230,0.0007863394963792,-5.876385557688275,459.7505456061555,-4.751115499984343e-06,0.9123251480051467,6000,0.9886790183669304,1802,0.0008883665396211,3.9477570259120944,0.0009501288027348,45.0,0.0010277047168801,0.0004274744593938,-33223.0,0.0004637846755106,2,203.074003,3.785860513971784e-11,3.785860513971784e-11,0,2,1.0000000000000004,-0.0055530000000476,244,581,210.10257931099144,87.93450539893709,259.96866890207525,54.62627049180328
NDARZW472CCF,R5,ThePresent,available,452,500.0,60.0232858167983,130,0,42,E8,E25,E21,E17,False,False,False,False,278,288,0.0011833728992568,42.47487291363114,147.6258279642894,-0.0003545337972039,0.9231328800942734,6000,0.996567965785698,578,0.0008003762004584,2.2501289094685686,0.0009225786966634,42.0,0.0015423375993061,0.0008730971866502,4112.0,0.0015288622668485,2,203.074007,6.261657858885883e-11,6.261657858885883e-11,2,2,1.0000000000000002,0.0012550000000396,1244,88,32.33267414577222,278.8863097755237,176.19532522183903,3.306631832797428
NDARVU883NDE,R5,ThePresent,available,51,500.0,60.02339393151198,130,0,42,E8,E25,E21,E17,False,False,False,False,152,231,0.0007264280260893,-35.908212456528275,424.4421847058816,8.951543215227054e-05,0.946112178549195,6000,0.996416769614084,1663,0.0008755663947922,4.6843513022353145,0.000894130802825,26.0,0.0012158113752259,0.0008745993866803,-17130.0,0.0012749027409191,2,203.074,3.9523939676655566e-11,3.9523939676655566e-11,0,2,1.0000000000000002,0.0037530000000219,1876,7,52.93030755794421,158.6924109931033,214.2081605532286,6.629877398720682
NDARTV296UNC,R8,ThePresent,available,405,500.0,60.02340931850586,130,0,42,E8,E25,E21,E17,False,False,False,False,457,232,0.0006935449089738,41.85366501930306,460.4367171669151,6.358234719423973e-06,0.9584291434302632,6000,0.9943759734005416,1805,0.0008205727344052,5.957474382704745,0.0008439971859817,31.0,0.001138564767619,0.0005533512008359,31699.0,0.0007766452322535,2,203.072006,9.37028232783632e-11,9.37028232783632e-11,0,2,1.0000000000000002,-0.0078969999999265,888,77,22.062107507741626,396.3767565827783,169.63354099582978,1.2496058558558556
NDARTM562NEW,R4,ThePresent,available,78,500.0,60.02327894003411,130,0,42,E8,E25,E21,E17,False,False,False,False,93,241,0.0009060598199562,-10.545221351223947,287.1092723964468,-0.0001655464134079,0.9127959288998588,6000,0.997273434336501,1126,0.0008059024342292,4.878510164754386,0.0008280828420014,28.0,0.0011230186422037,0.0005563314355228,5686.0,0.0008131992652875,2,203.072006,9.992007221626408e-11,9.992007221626408e-11,2,2,1.0000000000000004,-0.0016229999999427,1028,17,22.88293541303797,362.870113712351,183.25619378247083,1.0658365758754864
NDARAY461TZZ,R4,ThePresent,available,29,500.0,60.02326109849006,130,0,42,E8,E25,E21,E17,False,False,False,False,126,232,0.0007873198612807,69.58878482299575,292.8768408431707,-0.0001580599555572,0.945310413657922,6000,0.9881490393259492,1148,0.0007335664120607,9.710289311856528,0.0007896225916508,31.0,0.0010291441389146,0.0001688591318455,15012.0,0.0003924479134034,2,203.074005,8.848477506262498e-11,8.848477506262498e-11,0,2,1.0000000000000002,-0.0035689999999368,1165,7,23.294311892133543,325.41394535136993,166.6004556354886,1.11337339055794
NDARMV575DC1,R4,ThePresent,available,169,500.0,60.02329048771545,130,0,42,E8,E25,E21,E17,False,False,False,False,157,240,0.0005241675266368,106.02099850427216,374.0989341358468,7.863105426681451e-05,0.9401158356420212,6000,0.9890644320849188,1467,0.0006793606178322,4.675512442271497,0.0007372214713112,39.0,0.0007217110934627,0.0005135411218513,-24146.0,0.0004276052204957,2,203.065996,5.218048215738236e-11,5.218048215738236e-11,0,2,1.0,-0.0044809999999522,1659,40,36.94608091210959,199.12631196449536,132.85947158716473,4.370409885473177
NDARTC707KPU,R4,ThePresent,available,331,500.0,118.58652015418076,130,0,34,E8,E25,E21,E17,False,False,False,False,0,238,0.0005813206019943,42.18635958097392,483.1100990989639,2.359956243342525e-07,0.902774465827019,6000,0.9866164905913672,1894,0.0006899852497881,3.472958422808011,0.0006971181063189,22.0,0.0011614003808435,0.0006773289626787,14135.0,0.0012238028430563,2,203.063997,4.596323321948148e-11,4.596323321948148e-11,0,2,1.0000000000000002,0.0023680000000052,975,28,15.579921885991414,395.0928413592381,532.7809331281295,1.5768102564102562
NDARLE091XAZ,R5,ThePresent,available,79,500.0,60.02342501959674,130,0,42,E8,E25,E21,E17,False,False,False,False,104,233,0.0005092325318418,37.34408463089326,274.7561816811598,-3.182720146114748e-05,0.9498364509744304,6000,0.9911171149102306,1077,0.0005606919961452,8.99399100499043,0.0005855176618144,23.0,0.0007330973289731,0.0001823335151483,46285.0,0.0002413840413345,2,203.065996,5.6843418860808015e-11,5.6843418860808015e-11,0,2,1.0,0.0057360000000569,1505,10,36.93018655325783,230.9176152367904,244.9099804750049,2.4069767441860463
NDARFV061AR5,R4,ThePresent,available,374,500.0,60.02329668994872,130,0,42,E8,E25,E21,E17,False,False,False,False,174,237,0.0007787885803632,29.14091537527713,165.4900539529651,-0.0003254684734291,0.9542417326932016,6000,0.9943236786296288,649,0.0004471147528915,2.115985138198805,0.0005173957149115,33.0,0.0011083525187234,0.0002489784310939,-7322.0,0.0007987053241478,2,203.063998,4.485301019485632e-11,4.485301019485632e-11,0,2,0.9999999999999996,-0.0046119999999668,1458,75,28.465392026653834,240.42243060277397,167.05381487877193,1.974609053497942
NDAREW201WD9,R4,ThePresent,available,195,500.0,60.02336885309578,130,0,42,E8,E25,E21,E17,False,False,False,False,151,224,0.0009579583015469,57.82882625305056,186.579605474046,-0.0005263722788347,0.9643757325923984,6000,0.990896804024656,731,0.0004144008728462,3.757900802095132,0.0005066295648943,37.0,0.0012579794340235,0.0001994210842682,7917.0,0.0008581289881302,2,203.071996,5.6066262743570405e-11,5.6066262743570405e-11,0,2,1.0,-0.0077349999999445,883,45,23.321207574024964,417.1596133290592,202.52010319111807,1.2511211778029447
NDARNN142WYB,R7,ThePresent,available,176,500.0,60.02337087581456,130,0,42,E8,E25,E21,E17,False,False,False,False,178,241,0.0003299054256895,-0.4786570654441379,160.62228675058304,0.0001479735381469,0.9304185101031331,6000,0.99915071630071,630,0.0004783250595438,4.5604373535116265,0.0004998504108492,32.0,0.0006380478489176,0.0004169541790584,-42000.0,0.0005126251669682,2,203.072003,1.0336176359260207e-10,1.0336176359260207e-10,0,2,1.0000000000000004,-0.0061409999999356,1704,44,42.36496287958008,184.752491765703,139.71912092037198,6.526396713615023
NDARRF676GBD,R10,ThePresent,available,91,500.0,60.023155873220496,130,0,42,E8,E25,E21,E17,False,False,False,False,112,233,0.0030572109301527,55.24116549514901,215.82284203732183,-0.003231482830053,0.943585184692022,6000,0.9877551254600988,846,0.0002157227011751,0.4365386046224688,0.0004996891935045,31.0,0.002989786805449,0.0002164621457233,4388.0,0.0019097828983626,2,203.066003,3.6415315207705135e-11,3.6415315207705135e-11,0,2,1.0000000000000002,-0.004657000000016,1568,21,32.237509936461166,223.21589786004168,140.43268928199353,2.202302295918367
NDARLF616PBU,R1,ThePresent,available,385,500.0,119.7507905520795,130,0,34,E8,E25,E21,E17,False,False,False,False,0,223,0.0006802697185571,23.76622416226554,121.9811029438802,-0.0002707241488838,0.9290693192692464,6000,0.9856036354867171,478,0.0003679909452426,3.016465647176548,0.0004744477977172,50.0,0.000871531975663,0.0002684072604696,19449.0,0.000619599693863,2,203.069996,7.72715225139109e-11,7.72715225139109e-11,2,2,1.0,0.0019669999999301,1245,57,16.24833101879284,311.7285167879145,199.30954523369317,2.005180722891566
NDARFV725DEQ,R8,ThePresent,available,370,500.0,60.01895195624429,130,0,42,E8,E25,E21,E17,False,False,False,False,647,241,1.3637948912627472e-05,-49.916725823330616,587.8176606433723,1.3106633150064797e-05,0.996150699199331,6000,0.9981660575202188,2305,2.8537292344262952e-05,7.698487380872626,2.856216472466854e-05,-6.0,2.3225313986718152e-05,2.240079398836931e-05,13560.0,1.4905431261746086e-05,2,203.285994,3.219646771412954e-11,3.219646771412954e-11,0,2,0.9999999999999996,-0.0029139999999636,1261,25,27.07128656307829,291.5228991642254,200.59190474328875,1.354385408406027
NDAREF150LNT,R10,ThePresent,available,1006,500.0,60.00903280258295,130,0,42,E8,E25,E21,E17,False,False,False,False,280,225,3.2389651080823844e-06,-16.229186931055917,321.73534650548373,6.136869769699283e-06,0.9736289924902872,6000,0.9997186326376224,1261,9.646753725567976e-06,5.075015413378485,9.654204684855671e-06,-5.0,6.976647281947733e-06,8.962356942350324e-06,-201.0,2.3532246090409912e-08,2,203.065997,1.2212453270876722e-12,1.2212453270876722e-12,0,2,1.0,0.0030570000000024,1332,200,29.12008690288258,245.40631319105685,151.19207448558203,4.005495495495495
NDARKK774VP5,R7,ThePresent,available,284,500.0,60.02338771196189,130,0,42,E8,E25,E21,E17,False,False,False,False,138,242,2.6482290308194387e-06,136.264457434693,697.7440861069678,2.7332631391932213e-06,0.9853995149931886,6000,0.9917392191651326,2735,5.63579637560183e-06,6.606005073469641,5.708264052470423e-06,108.0,5.034653668205735e-06,5.663535543193675e-06,25.0,2.072632742924492e-08,2,203.064,1.1357581541915351e-10,1.1357581541915351e-10,0,2,1.0,-0.0032129999998866,1404,78,49.77901251842008,212.13828212777585,239.8639771001631,7.483796296296297
NDARDU566NUY,R8,ThePresent,available,917,500.0,60.013885224216985,130,0,42,E8,E25,E21,E17,False,False,False,False,294,238,1.2791600039331822e-06,-188.60689343506425,531.8656238718332,3.1627669286939037e-06,0.9849263792581372,6000,0.9984592773757364,2085,4.558249886887708e-06,6.83095178377208,4.559914405111774e-06,-5.0,3.987773032671174e-06,4.558697759042413e-06,32.0,6.926120973196576e-09,2,203.073993,3.974598428158061e-11,3.974598428158061e-11,0,2,0.9999999999999996,0.0050080000000513,812,118,39.37505269159767,384.2464035066032,319.6378064637559,9.152229064039409
